4.78,2.065
4.983,2.018
4.959,2.049
4.905,2.04
4.833,2.052
4.725,2.007
4.777,2.053
4.183,1.989
4.188,1.969
4.197,1.951
4.205,1.933
4.375,2.018
4.222,1.92
4.377,1.999
4.219,1.902
4.389,1.985
4.229,1.886
4.39,1.967
4.234,1.871
4.395,1.951
4.551,2.03
4.236,1.857
4.401,1.938
4.555,2.017
4.243,1.845
4.396,1.921
4.553,2.0
4.256,1.836
4.403,1.91
4.556,1.988
4.242,1.819
4.406,1.9
4.561,1.977
4.716,2.057
4.23,1.804
4.403,1.887
4.557,1.964
4.714,2.044
4.231,1.793
4.404,1.877
4.558,1.955
4.717,2.034
4.262,1.793
4.396,1.865
4.55,1.944
4.712,2.025
4.267,1.788
4.4,1.859
4.551,1.936
4.707,2.016
4.265,1.781
4.395,1.849
4.543,1.927
4.703,2.009
4.26,1.773
4.391,1.845
4.543,1.923
4.695,2.0
4.258,1.768
4.382,1.836
4.532,1.915
4.691,1.996
4.251,1.762
4.372,1.831
4.523,1.909
4.683,1.992
4.243,1.758
4.368,1.827
4.517,1.906
4.675,1.988
4.244,1.757
4.359,1.825
4.509,1.904
4.66,1.983
4.231,1.753
4.355,1.824
4.502,1.903
4.657,1.984
4.225,1.752
4.347,1.823
4.496,1.902
4.645,1.984
4.213,1.751
4.319,1.817
4.486,1.904
4.636,1.984
4.208,1.754
4.327,1.824
4.474,1.903
4.623,1.986
4.195,1.755
4.314,1.825
4.459,1.905
4.614,1.991
4.185,1.759
4.303,1.829
4.451,1.909
4.595,1.991
4.178,1.763
4.275,1.827
4.434,1.913
4.581,1.996
4.166,1.768
4.277,1.837
4.426,1.921
4.571,2.003
4.156,1.774
4.265,1.844
4.409,1.926
4.562,2.012
4.14,1.779
4.238,1.846
4.401,1.935
4.55,2.02
4.12,1.784
4.243,1.86
4.383,1.942
4.532,2.028
4.085,1.785
4.229,1.868
4.365,1.949
4.08,1.797
4.208,1.875
4.348,1.959
4.053,1.803
4.186,1.883
4.337,1.972
4.039,1.814
4.188,1.9
4.325,1.985
4.021,1.824
4.159,1.908
4.293,1.992
4.009,1.837
4.145,1.921
3.993,1.85
3.982,1.866
3.965,1.879
3.949,1.894
4.823,2.05
4.847,2.026
4.871,2.001
4.89,1.977
4.921,1.955
4.933,1.929
4.951,1.905
4.972,1.883
4.991,1.861
4.999,1.813
4.988,1.797
4.957,1.813
4.791,1.751
4.958,1.838
4.768,1.769
4.933,1.857
4.744,1.788
4.915,1.878
4.897,1.901
4.712,1.832
4.881,1.924
4.689,1.854
4.855,1.947
4.665,1.876
4.839,1.971
4.646,1.901
4.817,1.995
4.626,1.924
4.798,2.022
4.605,1.95
4.77,2.045
4.591,1.976
4.571,2.004
4.55,2.028
4.967,2.051
4.98,2.025
4.27,1.999
4.284,1.982
4.289,1.96
4.301,1.943
4.45,2.018
4.298,1.921
4.457,1.999
4.316,1.908
4.468,1.983
4.324,1.892
4.469,1.963
4.327,1.874
4.478,1.949
4.633,2.025
4.332,1.859
4.486,1.933
4.64,2.011
4.335,1.844
4.488,1.919
4.648,1.998
4.346,1.833
4.489,1.905
4.647,1.983
4.817,2.064
4.346,1.818
4.495,1.893
4.652,1.969
4.82,2.049
4.319,1.797
4.491,1.878
4.655,1.957
4.812,2.035
4.34,1.792
4.496,1.869
4.655,1.947
4.815,2.025
4.36,1.788
4.489,1.856
4.654,1.935
4.816,2.014
4.36,1.778
4.489,1.846
4.653,1.925
4.806,2.002
4.336,1.762
4.493,1.839
4.649,1.916
4.805,1.993
4.329,1.754
4.486,1.83
4.646,1.909
4.8,1.985
4.481,1.823
4.643,1.902
4.798,1.98
4.47,1.816
4.64,1.897
4.788,1.973
4.968,2.06
4.455,1.808
4.627,1.891
4.785,1.97
4.965,2.057
4.441,1.801
4.62,1.886
4.769,1.964
4.955,2.054
4.443,1.801
4.61,1.883
4.767,1.963
4.949,2.052
4.43,1.797
4.603,1.881
4.756,1.961
4.932,2.048
4.421,1.796
4.594,1.881
4.749,1.962
4.927,2.05
4.413,1.797
4.583,1.882
4.732,1.96
4.909,2.05
4.402,1.796
4.568,1.882
4.723,1.963
4.897,2.052
4.39,1.8
4.557,1.884
4.707,1.964
4.884,2.056
4.373,1.801
4.543,1.887
4.699,1.97
4.869,2.059
4.384,1.811
4.532,1.893
4.686,1.975
4.853,2.063
4.224,1.737
4.378,1.818
4.523,1.899
4.679,1.984
4.247,1.752
4.368,1.825
4.509,1.905
4.658,1.988
4.233,1.76
4.354,1.832
4.499,1.914
4.644,1.996
4.219,1.766
4.34,1.84
4.482,1.921
4.623,2.003
4.208,1.776
4.326,1.849
4.473,1.932
4.612,2.015
4.192,1.784
4.312,1.859
4.456,1.942
4.606,2.029
4.145,1.783
4.298,1.869
4.438,1.953
4.116,1.791
4.284,1.882
4.422,1.964
4.135,1.813
4.263,1.893
4.413,1.979
4.102,1.82
4.249,1.906
4.396,1.993
4.101,1.838
4.232,1.919
4.375,2.007
4.064,1.844
4.207,1.931
4.362,2.023
4.055,1.86
4.204,1.951
4.036,1.875
4.193,1.969
4.042,1.9
4.177,1.987
4.004,1.909
4.994,2.049
4.996,1.73
4.976,1.749
4.966,1.771
4.939,1.788
4.881,1.8
4.871,1.823
4.856,1.847
4.839,1.872
4.818,1.895
4.796,1.919
4.972,2.015
4.778,1.944
4.956,2.044
4.756,1.97
4.732,1.994
4.709,2.021
4.689,2.05
4.994,2.034
4.926,2.016
4.925,2.034
4.988,2.066
4.933,2.053
4.871,2.034
4.889,2.06
4.882,2.063
4.819,2.041
4.835,2.064
4.833,2.064
4.33,1.981
4.332,1.957
4.366,1.947
4.512,2.019
4.371,1.926
4.521,2.0
4.366,1.902
4.537,1.983
4.7,2.061
4.387,1.888
4.543,1.964
4.702,2.04
4.387,1.869
4.553,1.947
4.716,2.024
4.406,1.856
4.559,1.931
4.719,2.006
4.41,1.839
4.571,1.915
4.728,1.991
4.417,1.825
4.571,1.898
4.729,1.974
4.909,2.057
4.407,1.805
4.571,1.883
4.73,1.959
4.916,2.042
4.408,1.791
4.576,1.869
4.742,1.946
4.914,2.028
4.417,1.78
4.577,1.855
4.742,1.933
4.919,2.015
4.332,1.741
4.582,1.845
4.742,1.92
4.917,2.0
4.582,1.833
4.741,1.909
4.916,1.99
4.587,1.824
4.74,1.898
4.918,1.979
4.571,1.811
4.738,1.888
4.913,1.971
4.57,1.802
4.733,1.88
4.901,1.96
4.562,1.793
4.729,1.873
4.897,1.951
4.453,1.756
4.727,1.866
4.894,1.946
4.716,1.859
4.89,1.942
4.713,1.856
4.885,1.938
4.703,1.853
4.872,1.934
4.695,1.849
4.862,1.932
4.687,1.849
4.851,1.93
4.677,1.849
4.839,1.93
4.669,1.85
4.825,1.93
4.658,1.853
4.819,1.934
4.651,1.857
4.803,1.937
4.986,2.027
4.476,1.777
4.628,1.858
4.791,1.943
4.973,2.034
4.501,1.794
4.62,1.866
4.777,1.948
4.962,2.04
4.442,1.786
4.604,1.871
4.76,1.953
4.94,2.045
4.593,1.878
4.744,1.961
4.924,2.053
4.407,1.798
4.579,1.886
4.732,1.971
4.909,2.062
4.415,1.813
4.563,1.895
4.712,1.979
4.25,1.741
4.403,1.824
4.553,1.907
4.707,1.993
4.264,1.759
4.381,1.832
4.531,1.915
4.685,2.003
4.255,1.771
4.371,1.845
4.518,1.929
4.673,2.017
4.236,1.782
4.362,1.86
4.505,1.944
4.657,2.03
4.19,1.785
4.345,1.872
4.489,1.957
4.165,1.796
4.327,1.884
4.473,1.972
4.172,1.817
4.311,1.901
4.454,1.986
4.135,1.824
4.293,1.914
4.439,2.003
4.123,1.841
4.278,1.932
4.419,2.019
4.103,1.857
4.262,1.95
4.089,1.874
4.241,1.966
4.081,1.895
4.217,1.982
4.052,1.909
4.195,1.999
4.037,1.928
4.981,1.862
4.959,1.886
4.933,1.909
4.918,1.936
4.889,1.959
4.863,1.984
4.847,2.013
4.825,2.04
4.82,2.064
4.829,2.039
4.355,2.027
4.372,2.005
4.402,1.989
4.408,1.967
4.43,1.948
4.592,2.027
4.438,1.927
4.602,2.006
4.458,1.911
4.622,1.988
4.788,2.066
4.465,1.892
4.627,1.968
4.791,2.045
4.465,1.87
4.64,1.951
4.807,2.027
4.484,1.856
4.644,1.93
4.811,2.006
4.492,1.839
4.656,1.914
4.822,1.99
4.499,1.822
4.668,1.898
4.83,1.975
4.666,1.88
4.839,1.959
4.498,1.787
4.67,1.865
4.848,1.944
4.673,1.85
4.851,1.93
4.682,1.838
4.846,1.913
4.679,1.824
4.847,1.901
4.847,1.888
4.67,1.797
4.853,1.88
4.682,1.791
4.848,1.868
4.678,1.782
4.841,1.857
4.841,1.85
4.831,1.842
4.823,1.836
4.824,1.833
4.817,1.83
4.998,1.913
4.804,1.825
4.985,1.909
4.797,1.824
4.975,1.908
4.784,1.822
4.958,1.906
4.778,1.825
4.944,1.906
4.769,1.827
4.941,1.91
4.752,1.828
4.921,1.911
4.742,1.834
4.912,1.918
4.731,1.839
4.902,1.924
4.713,1.844
4.885,1.929
4.704,1.851
4.871,1.937
4.687,1.86
4.855,1.947
4.514,1.786
4.672,1.87
4.835,1.956
4.488,1.792
4.659,1.88
4.814,1.964
4.996,2.058
4.485,1.806
4.639,1.89
4.803,1.978
4.474,1.819
4.631,1.904
4.786,1.99
4.343,1.759
4.46,1.832
4.613,1.916
4.763,2.002
4.322,1.771
4.439,1.844
4.592,1.93
4.751,2.019
4.292,1.779
4.428,1.86
4.571,1.944
4.729,2.034
4.242,1.783
4.411,1.874
4.557,1.96
4.716,2.05
4.235,1.8
4.396,1.89
4.548,1.979
4.239,1.824
4.378,1.908
4.524,1.994
4.203,1.833
4.362,1.925
4.504,2.012
4.203,1.857
4.34,1.942
4.476,2.026
4.165,1.867
4.322,1.959
4.153,1.887
4.309,1.98
4.136,1.906
4.273,1.993
4.118,1.926
4.978,2.052
4.418,2.031
4.438,2.009
4.452,1.986
4.472,1.966
4.482,1.943
4.654,2.022
4.504,1.925
4.664,2.0
4.513,1.903
4.687,1.983
4.866,2.063
4.523,1.882
4.695,1.96
4.877,2.041
4.538,1.865
4.715,1.942
4.887,2.021
4.559,1.848
4.719,1.922
4.904,2.003
4.559,1.826
4.736,1.904
4.913,1.983
4.739,1.886
4.921,1.965
4.748,1.867
4.932,1.948
4.758,1.853
4.937,1.931
4.763,1.837
4.947,1.915
4.772,1.823
4.95,1.9
4.763,1.805
4.952,1.885
4.952,1.872
4.778,1.783
4.95,1.859
4.78,1.772
4.95,1.847
4.773,1.759
4.95,1.838
4.808,1.76
4.948,1.827
4.941,1.817
4.925,1.806
4.923,1.802
4.913,1.796
4.917,1.795
4.921,1.795
4.917,1.794
4.906,1.794
4.898,1.795
4.878,1.794
4.843,1.791
4.832,1.795
4.815,1.799
4.804,1.806
4.995,1.896
4.803,1.817
4.981,1.903
4.792,1.826
4.965,1.912
4.776,1.834
4.945,1.921
4.761,1.845
4.929,1.932
4.743,1.856
4.914,1.945
4.724,1.867
4.899,1.958
4.558,1.8
4.709,1.882
4.883,1.971
4.691,1.895
4.86,1.985
4.523,1.826
4.676,1.91
4.84,2.001
4.497,1.838
4.657,1.926
4.826,2.019
4.057,1.932
4.058,1.923
4.054,1.913
4.197,1.993
4.049,1.904
4.192,1.985
4.043,1.897
4.189,1.978
4.044,1.891
4.175,1.968
4.036,1.886
4.171,1.964
4.031,1.882
4.17,1.962
4.023,1.878
4.018,1.875
4.011,1.874
4.003,1.873
3.995,1.874
3.985,1.874
3.975,1.875
3.967,1.879
3.954,1.882
3.943,1.886
3.929,1.89
3.921,1.898
4.525,2.032
4.543,2.008
4.561,1.986
4.582,1.965
4.759,2.045
4.599,1.942
4.776,2.023
4.613,1.921
4.795,2.001
4.635,1.903
4.806,1.979
4.999,2.063
4.645,1.88
4.824,1.961
4.663,1.862
4.84,1.941
4.678,1.844
4.849,1.92
4.688,1.825
4.861,1.901
4.703,1.808
4.874,1.883
4.666,1.778
4.877,1.864
4.892,1.849
4.897,1.832
4.89,1.813
4.901,1.8
4.923,1.79
4.934,1.78
4.931,1.767
4.928,1.756
4.925,1.745
4.92,1.729
4.9,1.719
4.893,1.712
4.894,1.71
4.873,1.703
4.93,1.717
4.9,1.711
4.87,1.707
4.862,1.708
4.986,1.797
4.944,1.796
4.933,1.803
4.924,1.814
4.921,1.827
4.898,1.837
4.733,1.768
4.879,1.847
4.709,1.778
4.869,1.862
4.679,1.787
4.848,1.874
4.124,1.932
4.123,1.919
4.269,1.998
4.132,1.911
4.27,1.987
4.123,1.898
4.271,1.976
4.122,1.886
4.269,1.967
4.122,1.879
4.265,1.957
4.113,1.868
4.262,1.95
4.406,2.028
4.111,1.861
4.257,1.942
4.403,2.021
4.11,1.856
4.254,1.935
4.403,2.017
4.108,1.852
4.245,1.928
4.396,2.011
4.098,1.846
4.239,1.924
4.381,2.003
4.09,1.84
4.239,1.923
4.379,2.002
4.084,1.839
4.229,1.918
4.369,2.0
4.078,1.837
4.217,1.916
4.36,1.997
4.068,1.835
4.203,1.913
4.349,1.997
4.057,1.835
4.195,1.915
4.341,1.997
4.047,1.836
4.188,1.915
4.327,1.997
4.041,1.838
4.174,1.916
4.315,1.999
4.027,1.839
4.16,1.918
4.017,1.844
4.149,1.922
4.009,1.848
4.142,1.929
4.001,1.856
4.002,1.865
3.971,1.866
3.958,1.875
3.946,1.884
3.934,1.893
4.656,2.013
4.675,1.99
4.692,1.967
4.877,2.048
4.714,1.945
4.902,2.028
4.734,1.924
4.914,2.004
4.751,1.903
4.932,1.982
4.768,1.883
4.953,1.963
4.777,1.861
4.962,1.939
4.796,1.843
4.98,1.921
4.808,1.824
4.991,1.9
4.813,1.803
4.866,1.776
4.866,1.757
4.86,1.739
4.862,1.722
4.914,1.719
4.882,1.697
4.993,1.685
4.988,1.687
4.972,1.686
4.964,1.69
4.955,1.694
4.934,1.715
4.92,1.723
4.907,1.733
4.895,1.743
4.884,1.755
4.861,1.766
4.84,1.779
4.996,1.861
4.978,1.876
4.783,1.801
4.962,1.892
4.769,1.818
4.936,1.907
4.748,1.834
4.921,1.925
4.726,1.851
4.9,1.942
4.71,1.869
4.88,1.963
4.526,1.8
4.692,1.889
4.857,1.981
4.51,1.819
4.665,1.908
4.839,2.002
4.489,1.838
4.643,1.927
4.814,2.023
4.469,1.858
4.633,1.952
4.795,2.044
4.448,1.879
4.606,1.971
4.434,1.903
4.587,1.993
4.413,1.924
4.569,2.016
4.394,1.947
4.373,1.969
4.354,1.993
4.471,2.004
4.741,2.06
4.934,2.056
4.38,2.027
4.196,1.986
4.199,1.969
4.2,1.951
4.211,1.939
4.373,2.023
4.211,1.924
4.373,2.005
4.213,1.91
4.375,1.992
4.214,1.897
4.375,1.98
4.219,1.887
4.386,1.971
4.211,1.873
4.38,1.958
4.52,2.033
4.221,1.866
4.378,1.947
4.534,2.029
4.213,1.855
4.376,1.937
4.526,2.017
4.218,1.848
4.373,1.931
4.523,2.009
4.209,1.839
4.369,1.921
4.518,2.0
4.221,1.838
4.364,1.914
4.521,1.996
4.199,1.826
4.358,1.909
4.501,1.985
4.186,1.818
4.356,1.905
4.496,1.981
4.187,1.816
4.344,1.899
4.489,1.978
4.175,1.811
4.338,1.896
4.479,1.973
4.175,1.811
4.329,1.894
4.474,1.973
4.161,1.808
4.319,1.893
4.458,1.972
4.152,1.809
4.31,1.893
4.452,1.973
4.142,1.81
4.298,1.893
4.445,1.975
4.128,1.809
4.288,1.896
4.432,1.976
4.122,1.812
4.28,1.898
4.423,1.98
4.112,1.816
4.252,1.897
4.397,1.98
4.098,1.819
4.238,1.901
4.383,1.984
4.09,1.826
4.222,1.906
4.382,1.995
4.077,1.832
4.226,1.917
4.369,2.002
4.064,1.838
4.214,1.926
4.345,2.007
4.052,1.847
4.186,1.928
4.337,2.018
4.034,1.854
4.17,1.938
4.024,1.865
4.008,1.875
3.998,1.889
3.982,1.899
4.758,2.046
4.782,2.023
4.807,2.0
4.822,1.976
4.839,1.952
4.856,1.929
4.88,1.909
4.892,1.885
4.912,1.865
4.934,1.847
4.946,1.827
4.952,1.805
4.963,1.786
4.997,1.775
4.987,1.768
4.964,1.782
4.912,1.788
4.915,1.809
4.893,1.826
4.874,1.844
4.849,1.861
4.619,1.777
4.834,1.881
4.81,1.901
4.992,1.996
4.622,1.83
4.792,1.922
4.97,2.018
4.615,1.855
4.77,1.944
4.95,2.041
4.596,1.876
4.752,1.966
4.926,2.063
4.566,1.896
4.736,1.99
4.551,1.919
4.708,2.012
4.54,1.946
4.689,2.037
4.508,1.966
4.481,1.987
4.463,2.013
4.949,2.056
4.957,2.027
4.22,1.995
4.232,1.979
4.243,1.962
4.247,1.944
4.403,2.024
4.251,1.928
4.408,2.007
4.258,1.911
4.424,1.993
4.266,1.898
4.428,1.978
4.268,1.882
4.43,1.963
4.272,1.869
4.436,1.95
4.585,2.027
4.278,1.858
4.422,1.932
4.594,2.015
4.279,1.845
4.439,1.925
4.593,2.002
4.279,1.833
4.432,1.91
4.587,1.989
4.275,1.822
4.422,1.898
4.595,1.982
4.75,2.06
4.269,1.81
4.44,1.894
4.59,1.972
4.749,2.052
4.271,1.803
4.433,1.882
4.596,1.965
4.747,2.044
4.267,1.796
4.432,1.877
4.585,1.955
4.742,2.036
4.264,1.788
4.427,1.87
4.576,1.947
4.732,2.026
4.251,1.779
4.416,1.861
4.571,1.941
4.723,2.02
4.242,1.772
4.414,1.857
4.566,1.936
4.715,2.015
4.257,1.775
4.406,1.854
4.556,1.931
4.715,2.015
4.259,1.774
4.393,1.849
4.548,1.929
4.709,2.012
4.247,1.77
4.392,1.848
4.546,1.929
4.694,2.009
4.245,1.772
4.387,1.848
4.529,1.926
4.678,2.006
4.234,1.77
4.372,1.847
4.519,1.926
4.673,2.009
4.221,1.769
4.35,1.843
4.51,1.928
4.662,2.01
4.199,1.768
4.352,1.849
4.499,1.93
4.651,2.013
4.193,1.771
4.326,1.846
4.487,1.932
4.638,2.017
4.169,1.771
4.331,1.856
4.475,1.938
4.625,2.021
4.154,1.774
4.302,1.856
4.463,1.942
4.612,2.028
4.15,1.782
4.305,1.866
4.45,1.95
4.135,1.787
4.281,1.87
4.439,1.957
4.122,1.793
4.264,1.876
4.418,1.963
4.11,1.802
4.251,1.885
4.409,1.974
4.094,1.811
4.234,1.892
4.392,1.983
4.084,1.822
4.227,1.905
4.375,1.993
4.066,1.832
4.208,1.915
4.361,2.006
4.057,1.845
4.188,1.926
4.039,1.856
4.175,1.939
4.023,1.868
4.012,1.884
3.996,1.897
4.999,1.638
4.962,1.644
4.942,1.655
4.924,1.668
4.904,1.681
4.886,1.695
4.876,1.713
4.859,1.731
4.847,1.751
4.837,1.771
4.992,1.856
4.973,1.877
4.783,1.806
4.957,1.899
4.758,1.827
4.934,1.919
4.74,1.847
4.904,1.939
4.721,1.87
4.892,1.965
4.705,1.894
4.869,1.988
4.673,1.916
4.847,2.011
4.662,1.941
4.819,2.034
4.637,1.965
4.801,2.061
4.62,1.99
4.598,2.016
4.265,1.992
4.262,1.968
4.271,1.948
4.435,2.029
4.28,1.93
4.449,2.011
4.291,1.912
4.452,1.991
4.314,1.902
4.462,1.975
4.324,1.886
4.472,1.96
4.326,1.868
4.477,1.943
4.633,2.021
4.316,1.848
4.484,1.929
4.645,2.007
4.333,1.837
4.48,1.912
4.641,1.989
4.338,1.826
4.488,1.899
4.638,1.974
4.81,2.057
4.32,1.807
4.487,1.886
4.645,1.963
4.811,2.043
4.325,1.795
4.48,1.871
4.645,1.95
4.809,2.03
4.318,1.781
4.49,1.862
4.641,1.936
4.814,2.02
4.324,1.773
4.487,1.851
4.646,1.929
4.812,2.009
4.352,1.773
4.49,1.843
4.639,1.916
4.805,1.999
4.481,1.832
4.641,1.91
4.799,1.99
4.481,1.825
4.637,1.903
4.803,1.985
4.474,1.819
4.628,1.896
4.79,1.976
4.973,2.063
4.465,1.811
4.622,1.89
4.783,1.971
4.959,2.056
4.459,1.806
4.618,1.886
4.777,1.966
4.952,2.052
4.605,1.881
4.775,1.965
4.948,2.05
4.6,1.879
4.757,1.96
4.932,2.046
4.595,1.879
4.747,1.958
4.924,2.046
4.581,1.877
4.739,1.96
4.911,2.046
4.426,1.801
4.573,1.879
4.729,1.96
4.903,2.048
4.412,1.801
4.562,1.88
4.712,1.961
4.89,2.052
4.409,1.805
4.548,1.882
4.702,1.964
4.867,2.051
4.387,1.806
4.535,1.885
4.69,1.969
4.861,2.058
4.242,1.735
4.375,1.81
4.524,1.891
4.673,1.973
4.847,2.064
4.243,1.743
4.36,1.815
4.51,1.897
4.658,1.979
4.235,1.752
4.353,1.822
4.495,1.903
4.648,1.987
4.217,1.757
4.34,1.829
4.483,1.912
4.632,1.995
4.205,1.765
4.327,1.839
4.469,1.921
4.619,2.004
4.171,1.768
4.295,1.842
4.457,1.931
4.606,2.016
4.136,1.769
4.302,1.859
4.445,1.943
4.581,2.024
4.128,1.782
4.287,1.87
4.425,1.953
4.114,1.793
4.265,1.88
4.415,1.967
4.097,1.805
4.256,1.893
4.394,1.977
4.104,1.823
4.242,1.907
4.382,1.994
4.073,1.832
4.228,1.923
4.362,2.007
4.053,1.844
4.193,1.93
4.348,2.023
4.039,1.86
4.189,1.951
4.024,1.876
4.013,1.895
4.964,2.054
4.991,2.03
4.998,1.712
4.977,1.731
4.959,1.75
4.938,1.769
4.888,1.781
4.872,1.802
4.854,1.826
4.832,1.848
4.815,1.873
4.991,1.966
4.792,1.895
4.969,1.991
4.776,1.922
4.953,2.019
4.756,1.946
4.932,2.045
4.738,1.972
4.713,1.999
4.688,2.023
4.673,2.052
4.747,2.061
4.533,2.033
9.989,1.961
9.25,1.855
9.908,2.005
9.149,1.887
9.745,2.029
9.034,1.916
9.61,2.057
8.936,1.947
9.487,2.086
8.836,1.977
9.345,2.109
5.457,2.092
5.387,2.084
5.238,2.058
5.171,2.047
5.11,2.04
5.042,2.027
9.982,1.922
9.78,1.926
8.644,2.158
8.594,2.088
8.64,2.043
9.164,2.174
8.63,1.982
9.13,2.103
9.795,2.267
8.638,1.928
9.164,2.052
9.812,2.205
8.651,1.873
9.184,1.996
9.756,2.125
9.202,1.938
9.827,2.077
9.229,1.885
9.861,2.02
9.889,1.961
9.918,1.903
6.4,2.13
6.412,2.091
6.415,2.048
6.439,2.013
6.722,2.106
6.452,1.974
6.731,2.063
6.468,1.936
6.744,2.021
7.073,2.126
6.494,1.902
6.773,1.987
7.098,2.088
6.52,1.868
6.783,1.944
7.101,2.041
7.475,2.153
6.53,1.827
6.821,1.911
7.144,2.007
7.502,2.111
6.555,1.792
6.845,1.874
7.169,1.967
7.487,2.055
6.579,1.756
6.879,1.839
7.21,1.932
7.564,2.031
7.974,2.147
6.612,1.725
6.911,1.804
7.27,1.903
7.611,1.994
7.973,2.093
6.642,1.69
6.943,1.769
7.278,1.857
7.658,1.959
8.045,2.062
8.504,2.185
6.974,1.734
7.313,1.821
7.697,1.921
8.117,2.029
8.563,2.146
7.35,1.783
7.731,1.879
8.17,1.991
8.565,2.09
7.397,1.749
7.78,1.843
8.228,1.954
8.678,2.064
7.445,1.715
7.834,1.807
8.274,1.912
8.755,2.028
7.887,1.772
8.336,1.875
8.814,1.987
8.401,1.838
8.908,1.955
8.468,1.804
8.966,1.911
9.056,1.875
9.151,1.842
5.097,2.062
5.119,2.037
5.135,2.012
5.159,1.988
5.373,2.075
5.181,1.966
5.393,2.052
5.197,1.944
5.417,2.03
5.004,1.84
5.214,1.922
5.439,2.008
5.669,2.097
5.221,1.897
5.444,1.983
5.676,2.072
5.046,1.8
5.234,1.875
5.449,1.959
5.684,2.047
5.061,1.782
5.254,1.858
5.466,1.939
5.711,2.03
5.069,1.761
5.238,1.83
5.485,1.921
5.714,2.007
5.085,1.743
5.262,1.814
5.495,1.9
5.73,1.988
5.994,2.082
5.093,1.724
5.285,1.8
5.493,1.879
5.735,1.968
5.999,2.062
5.1,1.707
5.292,1.782
5.507,1.863
5.743,1.95
6.008,2.045
5.108,1.691
5.293,1.765
5.489,1.841
5.742,1.931
6.011,2.027
6.307,2.13
5.094,1.671
5.302,1.749
5.498,1.825
5.753,1.917
6.019,2.012
6.297,2.109
5.111,1.66
5.302,1.734
5.517,1.815
5.756,1.902
6.021,1.996
6.302,2.095
5.102,1.643
5.314,1.723
5.522,1.803
5.759,1.888
6.012,1.979
6.31,2.082
5.312,1.709
5.523,1.79
5.753,1.874
6.018,1.968
6.305,2.069
5.314,1.698
5.518,1.776
5.742,1.86
6.019,1.957
6.301,2.057
5.31,1.688
5.511,1.765
5.726,1.846
6.011,1.947
6.296,2.047
5.311,1.679
5.517,1.758
5.718,1.837
6.003,1.937
6.291,2.038
5.315,1.673
5.509,1.749
5.732,1.833
6.005,1.929
6.279,2.029
5.3,1.663
5.5,1.742
5.711,1.825
5.991,1.923
6.271,2.023
5.283,1.655
5.496,1.738
5.71,1.821
5.981,1.917
6.258,2.018
5.281,1.653
5.487,1.732
5.699,1.817
5.968,1.912
6.25,2.015
5.267,1.649
5.481,1.731
5.697,1.816
5.964,1.913
6.234,2.012
5.259,1.646
5.469,1.729
5.684,1.814
5.946,1.911
6.227,2.014
5.242,1.645
5.46,1.728
5.673,1.813
5.936,1.912
6.218,2.015
5.239,1.648
5.447,1.73
5.655,1.815
5.918,1.913
6.193,2.017
5.227,1.649
5.436,1.733
5.636,1.816
5.909,1.919
6.171,2.019
5.212,1.652
5.423,1.737
5.624,1.821
5.885,1.921
6.149,2.023
5.206,1.657
5.412,1.742
5.602,1.826
5.864,1.927
6.137,2.031
5.197,1.665
5.39,1.748
5.591,1.833
5.839,1.932
6.115,2.038
5.173,1.671
5.375,1.755
5.559,1.838
5.839,1.946
6.096,2.048
5.155,1.678
5.365,1.765
5.55,1.849
5.811,1.954
6.081,2.062
5.149,1.689
5.341,1.774
5.549,1.865
5.797,1.965
6.052,2.07
5.128,1.698
5.319,1.784
5.522,1.874
5.768,1.976
6.03,2.084
5.112,1.71
5.306,1.797
5.506,1.887
5.75,1.992
5.999,2.097
5.086,1.72
5.28,1.809
5.49,1.903
5.722,2.003
5.076,1.735
5.238,1.817
5.469,1.918
5.698,2.02
5.061,1.752
5.231,1.836
5.454,1.934
5.673,2.035
5.038,1.766
5.227,1.857
5.439,1.955
5.661,2.056
5.017,1.783
5.207,1.874
5.415,1.972
5.638,2.076
5.187,1.893
5.387,1.989
5.608,2.093
5.17,1.913
5.369,2.011
5.144,1.931
5.342,2.031
5.123,1.953
5.332,2.056
5.103,1.975
5.085,1.998
5.062,2.022
5.039,2.045
6.431,2.119
6.465,2.09
6.489,2.061
6.522,2.035
6.545,2.006
6.899,2.116
6.569,1.979
6.915,2.087
6.589,1.952
6.938,2.06
6.612,1.928
6.964,2.034
7.354,2.152
6.628,1.903
6.984,2.011
7.374,2.126
6.609,1.871
6.996,1.985
7.396,2.102
6.646,1.854
7.018,1.963
7.408,2.078
6.673,1.837
7.028,1.941
7.421,2.055
6.685,1.816
7.036,1.92
7.427,2.032
7.873,2.158
6.684,1.795
7.019,1.895
7.43,2.011
7.877,2.136
6.692,1.777
7.016,1.874
7.452,1.995
7.891,2.118
6.701,1.761
7.45,1.977
7.9,2.102
6.699,1.745
7.058,1.849
7.441,1.959
7.887,2.084
6.711,1.734
7.06,1.836
7.454,1.948
7.878,2.067
6.718,1.723
7.056,1.822
7.448,1.935
7.888,2.058
8.391,2.195
6.717,1.711
7.048,1.812
7.434,1.922
7.883,2.046
8.391,2.185
6.711,1.702
7.046,1.803
7.405,1.909
7.867,2.036
8.372,2.174
6.695,1.692
7.031,1.795
7.378,1.899
7.87,2.032
8.356,2.167
6.688,1.686
7.019,1.788
7.372,1.894
7.842,2.024
8.34,2.161
6.682,1.684
7.0,1.782
7.358,1.889
7.823,2.019
8.322,2.157
6.671,1.681
6.994,1.78
7.341,1.887
7.802,2.016
8.29,2.154
6.649,1.677
6.977,1.778
7.324,1.886
7.785,2.016
8.281,2.157
6.639,1.678
6.961,1.779
7.293,1.885
7.759,2.017
8.25,2.158
6.618,1.678
6.943,1.783
7.283,1.889
7.737,2.022
8.221,2.162
6.595,1.681
6.93,1.787
7.262,1.894
7.705,2.026
8.189,2.167
6.573,1.687
6.898,1.79
7.245,1.901
7.676,2.031
8.155,2.175
6.564,1.695
6.877,1.799
7.24,1.915
7.651,2.042
8.112,2.183
6.555,1.705
6.86,1.808
7.221,1.924
7.636,2.055
8.086,2.195
6.526,1.714
6.834,1.82
7.195,1.937
7.605,2.067
6.482,1.722
6.806,1.831
7.163,1.949
7.565,2.08
6.458,1.734
6.769,1.842
7.132,1.964
7.515,2.093
6.435,1.749
6.738,1.856
7.101,1.98
7.492,2.111
6.41,1.763
6.689,1.869
7.077,1.997
7.451,2.129
6.384,1.781
6.666,1.888
7.033,2.015
7.419,2.148
6.359,1.8
6.657,1.911
6.996,2.033
6.329,1.819
6.631,1.933
6.972,2.057
6.3,1.838
6.615,1.958
6.94,2.081
6.249,1.856
6.573,1.978
6.898,2.104
6.248,1.885
6.535,2.0
6.869,2.129
6.219,1.91
6.508,2.027
6.189,1.934
6.473,2.053
6.157,1.96
6.445,2.081
6.133,1.988
6.416,2.109
6.097,2.015
6.071,2.044
6.044,2.074
5.162,2.066
5.166,2.034
5.175,2.005
5.376,2.085
5.205,1.986
5.384,2.054
5.393,2.023
5.411,1.995
5.652,2.089
5.435,1.971
5.643,2.046
5.451,1.942
5.651,2.014
5.47,1.915
5.684,1.99
5.706,1.962
5.725,1.933
5.753,1.908
5.777,1.88
5.826,1.861
5.829,1.824
5.857,1.798
8.809,1.853
9.399,1.996
9.995,2.141
8.659,1.863
9.218,2.002
9.777,2.141
8.515,1.874
9.04,2.007
9.594,2.149
7.927,1.769
8.387,1.887
8.91,2.023
9.472,2.17
7.812,1.781
8.247,1.895
8.75,2.029
9.31,2.178
7.69,1.79
8.109,1.902
8.603,2.036
9.134,2.18
7.572,1.797
7.994,1.913
8.464,2.043
8.974,2.183
7.096,1.705
7.454,1.803
7.857,1.916
8.308,2.042
8.799,2.182
6.994,1.712
7.34,1.808
7.735,1.922
8.152,2.039
8.651,2.184
6.885,1.715
7.227,1.812
7.606,1.922
8.01,2.04
8.488,2.18
6.794,1.722
7.118,1.817
7.486,1.924
7.882,2.041
8.342,2.178
6.689,1.724
7.006,1.818
7.365,1.925
7.744,2.039
8.19,2.173
6.596,1.729
6.902,1.82
7.244,1.925
7.607,2.033
8.039,2.167
6.504,1.731
6.8,1.821
7.122,1.92
7.48,2.031
7.899,2.162
6.374,1.722
6.696,1.82
7.013,1.921
7.353,2.026
7.758,2.155
6.308,1.729
6.58,1.814
6.9,1.916
7.232,2.021
7.623,2.148
5.767,1.933
5.981,2.012
5.675,1.916
5.911,2.005
5.603,1.905
5.824,1.989
5.518,1.888
5.742,1.973
5.653,1.954
5.58,1.94
5.502,1.923
9.744,2.231
9.64,2.141
9.708,2.094
9.672,2.022
9.647,1.952
9.629,1.886
7.366,2.149
7.376,2.102
7.36,2.047
5.675,1.901
5.889,1.973
6.147,2.063
5.69,1.868
5.911,1.942
6.136,2.017
6.424,2.116
5.71,1.838
5.929,1.91
6.168,1.988
6.441,2.079
5.722,1.805
5.958,1.881
6.195,1.957
6.433,2.032
5.729,1.769
5.99,1.853
6.226,1.928
6.486,2.009
6.782,2.103
5.994,1.814
6.252,1.896
6.519,1.979
6.815,2.072
6.02,1.784
6.298,1.87
6.549,1.945
6.832,2.032
6.055,1.757
6.353,1.849
6.584,1.915
6.883,2.004
6.071,1.724
6.376,1.815
6.644,1.893
6.927,1.975
6.109,1.698
6.409,1.785
6.657,1.853
6.976,1.945
5.909,1.606
6.145,1.671
6.439,1.753
6.701,1.824
7.027,1.916
6.192,1.646
6.482,1.725
6.739,1.792
7.063,1.881
6.523,1.697
6.838,1.78
7.127,1.855
6.56,1.667
6.873,1.747
7.178,1.826
6.916,1.717
7.228,1.794
6.966,1.689
7.276,1.764
5.024,2.027
5.042,1.999
5.072,1.977
5.277,2.062
5.092,1.952
5.302,2.037
5.113,1.929
5.326,2.014
5.137,1.908
5.345,1.99
5.572,2.077
5.152,1.883
5.37,1.967
5.596,2.055
5.175,1.863
5.379,1.942
5.615,2.03
5.178,1.837
5.402,1.92
5.632,2.007
5.189,1.815
5.418,1.899
5.646,1.984
5.901,2.079
5.238,1.801
5.432,1.878
5.666,1.964
5.922,2.057
5.245,1.781
5.453,1.86
5.681,1.945
5.935,2.035
5.259,1.762
5.436,1.833
5.69,1.923
5.95,2.016
6.227,2.113
5.257,1.74
5.456,1.817
5.703,1.904
5.954,1.995
6.252,2.097
5.262,1.722
5.476,1.802
5.709,1.885
5.967,1.977
6.258,2.076
5.27,1.704
5.481,1.783
5.716,1.868
5.981,1.961
6.264,2.06
5.276,1.689
5.49,1.768
5.703,1.848
5.983,1.943
6.265,2.041
5.287,1.676
5.491,1.752
5.704,1.831
5.982,1.926
6.263,2.023
6.593,2.133
5.287,1.66
5.494,1.737
5.72,1.82
5.982,1.911
6.274,2.011
6.588,2.116
5.284,1.647
5.486,1.722
5.724,1.808
5.991,1.899
6.27,1.996
6.587,2.103
5.496,1.713
5.722,1.796
5.995,1.89
6.267,1.983
6.589,2.09
5.49,1.701
5.725,1.785
5.979,1.875
6.264,1.973
6.582,2.079
5.499,1.693
5.722,1.775
5.964,1.863
6.259,1.963
6.571,2.068
5.5,1.687
5.72,1.768
5.949,1.852
6.247,1.954
6.555,2.058
5.49,1.678
5.71,1.761
5.937,1.845
6.246,1.949
6.561,2.056
5.488,1.674
5.705,1.756
5.934,1.84
6.232,1.943
6.548,2.049
5.476,1.667
5.695,1.75
5.929,1.837
6.223,1.938
6.527,2.044
5.47,1.666
5.682,1.746
5.915,1.834
6.211,1.937
6.516,2.043
5.452,1.661
5.675,1.745
5.908,1.834
6.197,1.936
6.496,2.04
5.451,1.663
5.663,1.746
5.893,1.832
6.178,1.936
6.478,2.042
5.436,1.662
5.648,1.746
5.876,1.834
6.159,1.937
6.465,2.044
5.428,1.665
5.64,1.749
5.866,1.837
6.145,1.941
6.454,2.05
5.416,1.669
5.625,1.753
5.838,1.839
6.136,1.948
6.428,2.054
5.393,1.671
5.605,1.758
5.815,1.843
6.11,1.952
6.399,2.06
5.385,1.68
5.585,1.763
5.814,1.854
6.092,1.959
6.385,2.069
5.361,1.683
5.57,1.771
5.798,1.862
6.069,1.967
6.359,2.078
5.341,1.692
5.553,1.78
5.796,1.877
6.052,1.978
6.332,2.088
5.319,1.701
5.535,1.791
5.763,1.885
6.023,1.989
6.309,2.101
5.299,1.71
5.522,1.803
5.75,1.9
5.999,2.001
6.291,2.116
5.088,1.637
5.282,1.722
5.493,1.813
5.72,1.91
5.971,2.014
6.255,2.128
5.079,1.651
5.259,1.734
5.459,1.823
5.705,1.927
5.961,2.033
5.077,1.669
5.262,1.754
5.436,1.838
5.673,1.939
5.929,2.047
5.036,1.679
5.242,1.769
5.439,1.859
5.652,1.957
5.904,2.064
5.035,1.697
5.226,1.786
5.416,1.877
5.634,1.975
5.887,2.086
5.016,1.714
5.197,1.802
5.393,1.893
5.607,1.993
5.154,1.814
5.37,1.912
5.589,2.012
5.14,1.835
5.352,1.932
5.571,2.037
5.12,1.855
5.329,1.954
5.538,2.055
5.106,1.877
5.304,1.975
5.514,2.078
5.075,1.896
5.289,1.998
5.057,1.918
5.255,2.019
5.038,1.943
5.237,2.044
5.021,1.968
5.001,1.991
6.835,2.113
6.861,2.084
6.886,2.055
6.906,2.028
7.304,2.147
6.933,2.002
7.315,2.116
6.949,1.976
7.338,2.091
6.978,1.954
7.366,2.067
6.99,1.93
7.383,2.044
7.014,1.909
7.405,2.023
7.853,2.148
6.984,1.88
7.414,2.001
7.862,2.126
7.008,1.863
7.421,1.979
7.864,2.103
7.034,1.848
7.428,1.96
7.877,2.085
7.038,1.83
7.429,1.941
7.886,2.067
7.031,1.813
7.422,1.923
7.889,2.051
8.371,2.184
7.051,1.803
7.4,1.905
7.881,2.034
8.376,2.169
7.046,1.788
7.39,1.891
7.874,2.021
8.366,2.155
7.041,1.775
7.389,1.88
7.87,2.009
8.361,2.143
7.038,1.767
7.406,1.874
7.856,1.999
8.349,2.133
7.025,1.758
7.397,1.866
7.843,1.99
8.335,2.124
7.016,1.75
7.392,1.86
7.831,1.985
8.318,2.119
7.002,1.745
7.375,1.856
7.814,1.979
8.3,2.114
6.994,1.744
7.361,1.852
7.811,1.979
8.278,2.111
6.983,1.742
7.335,1.85
7.78,1.977
8.254,2.11
6.96,1.741
7.324,1.851
7.762,1.978
8.242,2.115
6.943,1.742
7.3,1.853
7.738,1.98
8.213,2.118
6.915,1.744
7.277,1.856
7.694,1.981
8.179,2.122
6.891,1.75
7.246,1.861
7.673,1.99
8.148,2.13
6.868,1.755
7.217,1.869
7.644,1.997
8.117,2.138
6.853,1.765
7.174,1.873
7.613,2.006
8.075,2.147
6.816,1.773
7.149,1.884
7.585,2.019
8.044,2.16
6.807,1.788
7.134,1.9
7.554,2.032
6.769,1.798
7.124,1.917
7.513,2.045
6.749,1.815
7.095,1.933
7.482,2.061
6.716,1.83
7.064,1.95
7.455,2.081
6.669,1.844
7.025,1.967
7.409,2.098
6.624,1.859
6.994,1.987
7.37,2.119
6.61,1.882
6.963,2.009
7.326,2.141
6.601,1.908
6.922,2.03
7.295,2.165
6.575,1.932
6.893,2.054
6.531,1.953
6.853,2.078
6.502,1.979
6.822,2.104
6.468,2.005
6.79,2.132
6.435,2.032
6.403,2.06
6.369,2.088
6.34,2.119
8.651,1.9
9.199,2.038
9.833,2.199
8.56,1.929
9.066,2.06
9.677,2.219
8.456,1.953
8.931,2.079
9.543,2.243
8.336,1.971
8.783,2.093
9.389,2.26
8.218,1.988
8.623,2.101
8.114,2.008
8.569,2.138
7.995,2.021
8.446,2.152
7.889,2.037
8.323,2.164
7.778,2.049
8.202,2.176
7.656,2.056
8.074,2.184
7.509,2.052
7.398,2.059
7.324,2.077
7.228,2.086
7.129,2.093
7.029,2.098
5.51,2.031
5.434,2.023
5.361,2.013
5.567,2.097
5.281,1.999
5.491,2.087
5.217,1.991
5.403,2.068
5.157,1.984
5.338,2.06
5.26,2.044
5.2,2.036
5.129,2.021
5.063,2.009
5.112,2.058
5.054,2.047
9.227,1.856
9.044,1.856
8.857,1.854
8.689,1.851
8.515,1.847
8.338,1.838
8.175,1.833
8.02,1.827
7.483,1.716
7.869,1.82
7.344,1.71
7.723,1.812
7.207,1.701
7.577,1.802
7.432,1.791
6.961,1.689
7.294,1.781
6.848,1.681
7.17,1.772
8.405,2.148
8.356,2.078
8.917,2.227
8.407,2.036
8.913,2.166
8.417,1.983
8.852,2.09
9.507,2.256
8.455,1.938
8.931,2.052
9.51,2.193
8.437,1.876
8.942,1.994
9.455,2.114
8.455,1.826
8.974,1.943
9.567,2.078
8.984,1.886
9.573,2.017
9.636,1.968
9.629,1.903
6.47,1.674
6.759,1.748
7.082,1.835
7.415,1.923
7.794,2.028
8.217,2.142
6.491,1.636
6.775,1.71
7.119,1.801
7.466,1.891
7.852,1.993
8.211,2.084
6.82,1.678
7.158,1.766
7.504,1.852
7.912,1.959
8.307,2.059
7.207,1.733
7.559,1.818
7.984,1.926
8.378,2.024
7.612,1.785
8.007,1.88
8.454,1.989
7.661,1.751
8.062,1.844
8.505,1.949
8.126,1.81
8.601,1.919
8.669,1.881
8.747,1.845
5.102,2.057
5.098,2.047
5.084,2.038
5.086,2.035
5.077,2.029
5.066,2.024
5.054,2.02
5.047,2.019
5.038,2.019
5.022,2.018
5.013,2.021
5.004,2.025
5.142,2.045
5.171,2.021
5.19,1.993
5.41,2.08
5.219,1.97
5.438,2.057
5.245,1.946
5.468,2.032
5.261,1.921
5.483,2.006
5.735,2.1
5.276,1.897
5.5,1.981
5.76,2.076
5.301,1.874
5.523,1.958
5.776,2.05
5.316,1.851
5.542,1.935
5.79,2.025
5.314,1.823
5.557,1.91
5.819,2.004
5.341,1.805
5.573,1.889
5.829,1.98
6.105,2.077
5.38,1.789
5.594,1.868
5.85,1.959
6.131,2.056
5.379,1.766
5.596,1.846
5.864,1.938
6.142,2.035
5.398,1.748
5.591,1.822
5.867,1.916
6.149,2.012
6.454,2.114
5.405,1.729
5.618,1.806
5.885,1.899
6.158,1.992
6.458,2.093
5.411,1.711
5.627,1.788
5.89,1.879
6.162,1.972
6.47,2.073
5.416,1.693
5.632,1.771
5.891,1.86
6.168,1.954
6.462,2.053
5.441,1.681
5.643,1.756
5.866,1.838
6.177,1.939
6.475,2.037
5.437,1.664
5.645,1.741
5.881,1.824
6.177,1.923
6.474,2.02
6.816,2.131
5.436,1.65
5.647,1.727
5.911,1.815
6.179,1.908
6.484,2.008
6.82,2.117
5.43,1.636
5.661,1.716
5.902,1.801
6.183,1.894
6.483,1.994
6.818,2.103
5.438,1.625
5.653,1.704
5.899,1.789
6.176,1.882
6.47,1.981
6.815,2.09
5.428,1.613
5.644,1.691
5.898,1.779
6.166,1.87
6.466,1.97
6.808,2.081
5.429,1.604
5.659,1.686
5.892,1.768
6.142,1.857
6.464,1.961
6.801,2.071
5.648,1.677
5.883,1.76
6.132,1.849
6.451,1.954
6.788,2.062
5.649,1.672
5.882,1.754
6.129,1.843
6.446,1.947
6.782,2.057
5.645,1.666
5.876,1.751
6.123,1.839
6.435,1.943
6.761,2.051
5.627,1.661
5.861,1.744
6.123,1.837
6.43,1.941
6.744,2.048
5.616,1.656
5.855,1.743
6.112,1.836
6.412,1.938
6.735,2.047
5.608,1.655
5.837,1.742
6.094,1.833
6.398,1.937
6.717,2.047
5.595,1.655
5.822,1.741
6.068,1.833
6.373,1.937
6.697,2.048
5.59,1.659
5.818,1.744
6.062,1.836
6.365,1.942
6.68,2.051
5.578,1.661
5.796,1.747
6.034,1.837
6.339,1.943
6.656,2.055
5.566,1.666
5.783,1.752
6.011,1.841
6.321,1.95
6.64,2.062
5.55,1.671
5.763,1.757
5.996,1.848
6.305,1.958
6.607,2.068
5.535,1.679
5.747,1.766
5.996,1.86
6.281,1.966
6.587,2.078
5.509,1.684
5.722,1.772
5.98,1.871
6.263,1.977
6.56,2.087
5.476,1.69
5.705,1.782
5.957,1.88
6.243,1.989
6.541,2.101
5.466,1.701
5.682,1.793
5.946,1.894
6.223,2.003
6.517,2.115
5.448,1.714
5.666,1.805
5.921,1.906
6.189,2.014
6.488,2.129
5.224,1.639
5.419,1.724
5.632,1.816
5.894,1.921
6.169,2.029
5.219,1.654
5.407,1.74
5.604,1.828
5.875,1.936
6.141,2.045
5.186,1.666
5.383,1.754
5.603,1.849
5.85,1.953
6.119,2.063
5.174,1.683
5.37,1.772
5.586,1.867
5.83,1.97
6.097,2.084
5.161,1.701
5.344,1.788
5.561,1.884
5.802,1.989
6.062,2.1
5.13,1.715
5.313,1.805
5.54,1.904
5.773,2.008
5.116,1.735
5.286,1.822
5.517,1.923
5.752,2.029
5.102,1.758
5.281,1.846
5.495,1.946
5.723,2.051
5.082,1.777
5.259,1.867
5.471,1.967
5.697,2.072
5.056,1.797
5.238,1.888
5.445,1.989
5.67,2.096
5.006,1.811
5.218,1.912
5.424,2.014
5.0,1.837
5.195,1.935
5.401,2.038
5.174,1.959
5.375,2.063
5.149,1.983
5.352,2.088
5.129,2.009
5.1,2.034
5.074,2.059
7.089,2.155
7.12,2.126
7.146,2.098
7.177,2.071
7.196,2.045
7.212,2.018
7.649,2.143
7.235,1.993
7.666,2.115
7.264,1.972
7.687,2.092
7.275,1.949
7.704,2.069
8.175,2.199
7.286,1.927
7.704,2.045
8.205,2.181
7.276,1.902
7.717,2.025
8.209,2.158
7.255,1.878
7.729,2.006
8.212,2.138
7.287,1.866
7.73,1.988
8.209,2.118
7.305,1.853
7.726,1.971
8.218,2.104
7.306,1.839
7.729,1.957
8.211,2.087
8.765,2.233
7.306,1.826
7.739,1.945
8.202,2.073
8.753,2.22
7.293,1.814
7.722,1.932
8.2,2.064
8.742,2.208
5.008,2.051
5.021,2.025
9.911,2.144
9.868,2.198
9.711,1.882
9.53,1.895
9.369,1.911
9.207,1.924
9.873,2.085
8.522,1.806
9.051,1.935
9.685,2.092
8.374,1.815
8.915,1.95
9.494,2.097
8.234,1.823
8.747,1.954
9.308,2.099
9.933,2.261
8.099,1.83
8.601,1.962
9.114,2.097
9.741,2.262
7.968,1.837
8.45,1.967
8.919,2.091
9.547,2.262
7.45,1.739
7.843,1.845
8.299,1.969
8.746,2.09
9.367,2.262
7.345,1.748
7.712,1.848
8.158,1.972
8.564,2.085
7.203,1.745
7.59,1.852
8.016,1.973
8.408,2.083
7.086,1.747
7.469,1.855
7.876,1.972
8.252,2.08
7.005,1.758
7.344,1.856
7.751,1.975
8.119,2.081
6.875,1.752
7.239,1.859
7.603,1.966
7.966,2.075
6.466,1.663
6.769,1.752
7.113,1.857
7.477,1.966
7.813,2.066
6.376,1.667
6.667,1.753
7.005,1.856
7.347,1.96
7.675,2.06
6.281,1.667
6.552,1.748
6.897,1.855
7.222,1.955
7.528,2.049
6.195,1.667
6.454,1.747
6.786,1.85
7.101,1.949
7.409,2.045
6.109,1.667
6.346,1.74
6.682,1.848
6.978,1.942
7.301,2.045
6.011,1.662
6.267,1.743
6.572,1.841
6.87,1.938
7.184,2.038
5.929,1.662
6.165,1.737
6.471,1.837
6.756,1.928
7.056,2.026
7.457,2.159
6.07,1.732
6.329,1.816
6.637,1.918
6.942,2.018
7.32,2.145
5.977,1.724
6.245,1.814
6.526,1.907
6.836,2.012
7.162,2.122
5.889,1.719
6.148,1.806
6.446,1.907
6.722,1.999
7.031,2.105
5.814,1.717
6.051,1.797
6.334,1.894
6.603,1.985
6.95,2.106
5.956,1.787
6.235,1.884
6.498,1.974
6.827,2.09
5.871,1.78
6.146,1.877
6.406,1.967
6.715,2.075
5.782,1.77
6.059,1.868
6.3,1.953
6.599,2.058
5.971,1.859
6.201,1.939
6.45,2.027
5.848,1.833
6.107,1.928
6.347,2.012
5.765,1.824
6.016,1.914
6.263,2.004
5.723,1.829
5.925,1.901
6.168,1.989
5.83,1.884
6.078,1.976
5.019,2.058
5.032,2.044
5.029,2.026
5.031,2.009
5.035,1.997
5.032,1.983
5.035,1.971
5.234,2.058
5.031,1.959
5.233,2.048
5.03,1.949
5.235,2.039
5.03,1.942
5.228,2.029
5.027,1.934
5.219,2.02
5.017,1.926
5.213,2.012
5.011,1.92
5.209,2.008
5.414,2.1
5.0,1.914
5.199,2.004
5.404,2.094
5.189,1.999
5.399,2.093
5.173,1.995
5.389,2.092
5.168,1.996
5.376,2.09
5.15,1.995
5.365,2.091
5.143,1.997
5.349,2.092
5.132,2.001
5.114,2.003
5.094,2.006
5.081,2.012
5.069,2.02
5.048,2.027
5.031,2.035
5.019,2.048
5.315,2.046
5.34,2.019
5.363,1.994
5.595,2.082
5.391,1.968
5.63,2.058
5.418,1.944
5.645,2.029
5.435,1.918
5.67,2.005
5.457,1.894
5.699,1.982
5.972,2.078
5.482,1.873
5.714,1.957
5.994,2.054
5.5,1.849
5.739,1.934
6.012,2.031
6.301,2.129
5.501,1.822
5.754,1.91
6.033,2.006
6.319,2.105
5.544,1.807
5.775,1.89
6.044,1.982
6.338,2.081
5.561,1.787
5.788,1.867
6.055,1.959
6.352,2.057
5.574,1.766
5.772,1.84
6.08,1.941
6.367,2.037
5.591,1.748
5.783,1.82
6.086,1.92
6.377,2.016
6.709,2.123
5.593,1.728
5.839,1.813
6.1,1.9
6.387,1.996
6.721,2.103
5.608,1.711
5.849,1.795
6.108,1.881
6.395,1.978
6.726,2.082
5.601,1.692
5.857,1.777
6.105,1.863
6.399,1.959
6.729,2.063
5.609,1.676
5.861,1.761
6.087,1.84
6.403,1.942
6.738,2.048
7.096,2.161
5.616,1.662
5.855,1.744
6.097,1.828
6.412,1.928
6.734,2.031
7.1,2.145
5.603,1.644
5.852,1.729
6.124,1.819
6.405,1.913
6.736,2.018
7.099,2.13
5.6,1.632
5.848,1.717
6.121,1.806
6.413,1.902
6.737,2.005
7.097,2.119
5.611,1.623
5.845,1.704
6.124,1.796
6.409,1.89
6.728,1.992
7.089,2.106
5.607,1.612
5.846,1.694
6.118,1.787
6.401,1.879
6.724,1.983
7.077,2.095
5.595,1.602
5.844,1.687
6.111,1.777
6.381,1.868
6.711,1.974
7.074,2.087
5.854,1.683
6.102,1.768
6.353,1.857
6.708,1.968
7.058,2.08
5.845,1.676
6.09,1.761
6.341,1.85
6.701,1.963
7.047,2.075
5.834,1.671
6.088,1.759
6.335,1.848
6.685,1.959
7.032,2.071
5.812,1.665
6.074,1.756
6.346,1.85
6.672,1.956
7.019,2.07
5.804,1.664
6.06,1.754
6.327,1.847
6.656,1.956
7.002,2.069
5.804,1.666
6.044,1.754
6.316,1.85
6.623,1.952
6.985,2.071
5.788,1.666
6.028,1.754
6.281,1.846
6.615,1.957
6.96,2.073
5.771,1.669
6.027,1.761
6.254,1.849
6.596,1.961
6.94,2.078
5.755,1.67
6.007,1.764
6.24,1.853
6.572,1.966
6.91,2.082
5.736,1.676
5.997,1.77
6.232,1.861
6.551,1.972
6.884,2.089
5.708,1.681
5.981,1.779
6.234,1.875
6.527,1.98
6.854,2.096
5.468,1.601
5.693,1.688
5.96,1.786
6.21,1.883
6.509,1.992
6.831,2.108
5.453,1.611
5.665,1.696
5.937,1.797
6.193,1.896
6.489,2.005
6.812,2.121
5.437,1.621
5.646,1.706
5.916,1.807
6.171,1.907
6.459,2.015
6.778,2.133
5.411,1.628
5.635,1.72
5.891,1.818
6.136,1.917
6.428,2.028
5.395,1.642
5.629,1.736
5.837,1.825
6.115,1.932
6.412,2.045
5.393,1.658
5.606,1.75
5.802,1.837
6.095,1.949
6.38,2.061
5.375,1.674
5.585,1.765
5.802,1.858
6.064,1.964
6.349,2.077
5.345,1.687
5.559,1.78
5.786,1.877
6.041,1.982
6.322,2.097
5.336,1.707
5.535,1.797
5.748,1.891
6.017,2.002
6.291,2.115
5.309,1.723
5.496,1.811
5.732,1.913
5.993,2.023
5.299,1.743
5.464,1.828
5.709,1.934
5.968,2.044
5.273,1.762
5.463,1.854
5.678,1.954
5.94,2.066
5.243,1.781
5.439,1.875
5.661,1.976
5.912,2.09
5.218,1.803
5.41,1.895
5.635,2.0
5.158,1.813
5.389,1.919
5.613,2.026
5.162,1.844
5.367,1.944
5.584,2.049
5.139,1.868
5.343,1.968
5.557,2.074
5.118,1.893
5.316,1.992
5.528,2.099
5.096,1.919
5.289,2.019
5.068,1.942
5.275,2.049
5.049,1.971
5.016,1.995
5.001,2.025
7.541,2.143
7.559,2.114
7.586,2.089
7.609,2.064
8.064,2.194
7.627,2.04
8.094,2.17
7.636,2.017
8.103,2.146
7.65,1.995
8.115,2.124
7.659,1.976
8.135,2.105
7.663,1.956
8.128,2.083
8.677,2.229
7.668,1.939
8.145,2.068
8.685,2.211
7.668,1.922
8.142,2.051
8.68,2.194
7.637,1.903
8.134,2.035
8.685,2.181
7.627,1.889
8.134,2.022
8.665,2.165
7.637,1.88
8.122,2.012
8.651,2.153
7.638,1.873
8.117,2.003
8.647,2.145
7.637,1.867
8.1,1.995
8.623,2.136
7.635,1.863
8.092,1.991
8.594,2.129
7.616,1.858
8.061,1.985
8.587,2.128
7.598,1.856
8.046,1.984
8.558,2.125
7.58,1.856
8.019,1.982
8.535,2.127
7.55,1.856
8.001,1.985
8.498,2.128
7.52,1.858
7.971,1.989
8.47,2.133
7.49,1.863
7.944,1.996
8.44,2.139
7.454,1.867
7.908,2.001
8.403,2.147
7.405,1.873
7.877,2.011
8.369,2.157
7.373,1.881
7.845,2.022
8.319,2.166
7.347,1.894
7.805,2.034
8.291,2.182
7.343,1.914
7.771,2.05
8.246,2.198
7.322,1.93
7.738,2.066
7.283,1.946
7.701,2.084
7.26,1.966
7.657,2.102
7.215,1.984
7.616,2.122
7.176,2.005
7.571,2.143
7.141,2.027
7.107,2.051
7.074,2.078
7.036,2.103
6.995,2.131
5.197,2.06
5.201,2.027
5.38,2.096
5.211,1.996
5.39,2.064
5.227,1.968
5.404,2.034
5.413,2.002
5.632,2.087
5.435,1.975
5.643,2.053
5.456,1.948
5.663,2.024
5.467,1.917
5.667,1.987
5.9,2.071
5.5,1.894
5.698,1.962
5.913,2.036
7.097,1.701
9.46,1.884
9.343,1.913
5.504,1.962
5.715,2.044
5.429,1.953
5.63,2.033
5.356,1.945
5.546,2.019
5.28,1.934
5.471,2.009
5.398,2.0
5.618,2.089
5.325,1.988
5.536,2.075
5.26,1.98
5.466,2.065
5.187,1.966
5.389,2.05
5.306,2.031
5.238,2.02
5.167,2.003
5.374,2.093
5.101,1.989
5.236,2.063
5.026,1.99
5.166,2.045
5.092,2.025
5.031,2.011
7.086,1.705
6.964,1.695
6.836,1.681
6.719,1.67
6.486,1.644
5.123,2.051
5.126,2.031
5.129,2.013
5.136,1.997
5.345,2.086
5.144,1.983
5.351,2.069
5.141,1.967
5.347,2.055
5.14,1.952
5.353,2.041
5.147,1.942
5.353,2.029
5.149,1.931
5.354,2.017
5.143,1.919
5.346,2.005
5.572,2.099
5.14,1.909
5.345,1.996
5.564,2.088
5.134,1.9
5.346,1.989
5.564,2.082
5.128,1.893
5.335,1.981
5.556,2.074
5.124,1.888
5.323,1.974
5.544,2.066
5.114,1.881
5.321,1.97
5.538,2.062
5.105,1.877
5.307,1.965
5.526,2.059
5.101,1.877
5.295,1.963
5.514,2.057
5.087,1.874
5.283,1.96
5.5,2.055
5.082,1.875
5.271,1.961
5.491,2.056
5.065,1.874
5.263,1.963
5.472,2.056
5.05,1.876
5.248,1.965
5.462,2.06
5.045,1.88
5.239,1.97
5.45,2.066
5.03,1.884
5.219,1.974
5.433,2.07
5.012,1.889
5.21,1.982
5.422,2.078
5.191,1.988
5.399,2.084
5.176,1.996
5.382,2.094
5.158,2.005
5.138,2.016
5.118,2.025
5.1,2.038
5.082,2.052
5.063,2.066
5.419,2.099
5.457,2.075
5.483,2.047
5.505,2.018
5.536,1.994
5.782,2.085
5.555,1.966
5.811,2.059
5.584,1.942
5.843,2.035
5.616,1.92
5.867,2.01
5.634,1.895
5.891,1.983
6.177,2.084
5.657,1.871
5.909,1.958
6.198,2.058
5.653,1.841
5.93,1.935
6.226,2.034
5.665,1.818
5.954,1.912
6.24,2.008
6.552,2.112
5.721,1.805
5.968,1.889
6.262,1.987
6.569,2.086
5.735,1.782
5.982,1.869
6.274,1.963
6.586,2.064
5.741,1.762
5.971,1.842
6.287,1.942
6.603,2.044
5.742,1.739
5.99,1.823
6.301,1.922
6.615,2.023
6.964,2.132
5.75,1.72
6.038,1.812
6.314,1.903
6.625,2.003
6.982,2.113
5.762,1.702
6.024,1.789
6.32,1.883
6.636,1.984
6.988,2.092
5.772,1.686
6.03,1.772
6.308,1.862
6.637,1.964
6.995,2.075
5.786,1.673
6.038,1.756
6.295,1.842
6.639,1.947
6.995,2.057
5.774,1.655
6.037,1.74
6.32,1.832
6.645,1.933
6.997,2.042
7.387,2.159
5.776,1.641
6.042,1.728
6.316,1.817
6.647,1.92
6.999,2.028
7.388,2.145
5.777,1.629
6.039,1.715
6.325,1.807
6.636,1.906
6.985,2.013
7.383,2.132
5.774,1.617
6.04,1.705
6.321,1.796
6.629,1.894
6.991,2.003
7.382,2.123
5.773,1.607
6.044,1.696
6.319,1.786
6.626,1.885
6.977,1.993
7.372,2.111
6.041,1.688
6.304,1.776
6.602,1.873
6.971,1.986
7.361,2.104
6.032,1.681
6.301,1.771
6.573,1.862
6.957,1.978
7.34,2.095
6.029,1.676
6.288,1.764
6.553,1.855
6.94,1.972
7.333,2.093
6.013,1.67
6.274,1.76
6.548,1.854
6.928,1.969
7.31,2.088
6.004,1.668
6.273,1.761
6.539,1.852
6.912,1.968
7.295,2.087
5.987,1.666
6.257,1.757
6.527,1.852
6.903,1.97
7.275,2.086
5.978,1.666
6.244,1.76
6.502,1.852
6.887,1.971
7.252,2.09
5.97,1.67
6.22,1.759
6.489,1.855
6.855,1.971
7.232,2.093
5.954,1.672
6.21,1.765
6.464,1.858
6.833,1.976
7.2,2.097
5.929,1.675
6.193,1.769
6.472,1.869
6.811,1.982
7.185,2.106
5.912,1.681
6.171,1.775
6.457,1.877
6.796,1.992
7.151,2.112
5.854,1.681
6.148,1.783
6.439,1.887
6.764,2.0
7.123,2.122
5.62,1.604
5.866,1.695
6.125,1.792
6.413,1.896
6.743,2.011
7.097,2.134
5.61,1.615
5.844,1.704
6.118,1.805
6.392,1.907
6.721,2.025
7.074,2.148
5.581,1.623
5.827,1.716
6.091,1.817
6.371,1.922
6.687,2.036
7.031,2.161
5.565,1.636
5.796,1.728
6.052,1.827
6.346,1.935
6.658,2.052
5.554,1.651
5.782,1.743
6.012,1.837
6.325,1.952
6.623,2.066
5.541,1.667
5.772,1.76
6.006,1.858
6.29,1.968
6.605,2.087
5.512,1.68
5.755,1.778
5.997,1.879
6.271,1.987
6.572,2.104
5.49,1.698
5.727,1.795
5.968,1.896
6.243,2.005
6.533,2.122
5.475,1.715
5.695,1.811
5.938,1.914
6.212,2.026
5.462,1.737
5.644,1.824
5.913,1.934
6.19,2.049
5.439,1.756
5.636,1.849
5.89,1.957
6.153,2.07
5.42,1.779
5.612,1.871
5.851,1.976
6.122,2.092
5.396,1.799
5.589,1.893
5.832,2.002
5.328,1.81
5.563,1.917
5.802,2.024
5.33,1.841
5.544,1.943
5.774,2.049
5.312,1.867
5.516,1.967
5.75,2.076
5.285,1.891
5.493,1.992
5.259,1.916
5.466,2.02
5.229,1.94
5.447,2.048
5.21,1.969
5.419,2.076
5.18,1.995
5.158,2.024
5.135,2.053
7.924,2.157
7.949,2.132
7.956,2.105
7.978,2.084
7.994,2.063
7.983,2.038
8.504,2.178
8.003,2.021
8.514,2.159
8.01,2.005
8.523,2.141
8.011,1.988
8.519,2.124
8.008,1.975
8.506,2.108
7.991,1.96
8.497,2.095
7.986,1.949
8.496,2.085
7.986,1.941
8.465,2.073
9.052,2.229
7.973,1.935
8.453,2.066
9.036,2.221
7.946,1.926
8.444,2.062
9.031,2.22
7.922,1.921
8.418,2.058
8.996,2.215
7.898,1.919
8.398,2.058
8.967,2.213
7.874,1.918
8.386,2.061
8.944,2.215
7.854,1.921
8.355,2.062
8.89,2.213
7.832,1.925
8.325,2.067
8.873,2.221
7.813,1.933
8.286,2.071
8.832,2.228
7.785,1.94
8.237,2.077
7.767,1.952
8.216,2.089
7.719,1.96
8.178,2.102
7.683,1.972
8.137,2.114
7.644,1.986
8.101,2.131
7.615,2.004
8.065,2.148
7.587,2.023
8.028,2.168
7.539,2.04
7.496,2.06
7.465,2.084
7.428,2.107
7.386,2.132
7.346,2.158
6.043,2.097
6.058,2.061
6.067,2.024
6.307,2.106
6.072,1.984
6.321,2.069
6.098,1.954
6.346,2.036
6.634,2.132
6.124,1.923
6.358,1.998
6.651,2.094
6.15,1.891
6.388,1.965
6.704,2.069
6.189,1.865
6.415,1.932
6.682,2.015
7.001,2.116
6.178,1.818
6.439,1.897
6.725,1.985
7.068,2.093
6.207,1.788
6.48,1.87
6.757,1.951
7.044,2.037
7.415,2.15
6.225,1.753
6.505,1.835
6.789,1.917
7.101,2.009
7.449,2.111
6.257,1.723
6.532,1.801
6.826,1.884
7.129,1.97
7.508,2.08
6.29,1.693
6.532,1.757
6.876,1.855
7.185,1.942
7.525,2.036
7.939,2.154
6.314,1.659
6.579,1.73
6.911,1.821
7.235,1.91
7.585,2.004
7.989,2.117
6.611,1.698
6.914,1.777
7.293,1.879
7.658,1.977
7.986,2.062
6.946,1.743
7.326,1.842
7.699,1.94
8.08,2.037
6.99,1.71
7.341,1.798
7.761,1.907
8.159,2.007
7.398,1.768
7.794,1.866
8.221,1.972
7.457,1.737
7.861,1.834
8.302,1.941
7.499,1.701
7.923,1.801
8.362,1.903
8.422,1.866
8.501,1.833
5.088,2.011
5.295,2.063
5.297,2.028
5.309,2.001
5.332,1.978
5.347,1.95
9.253,1.867
9.935,2.024
9.105,1.879
9.737,2.031
8.95,1.892
9.566,2.041
8.776,1.896
9.38,2.047
9.995,2.202
8.144,1.782
8.63,1.904
9.217,2.054
9.817,2.208
8.004,1.787
8.49,1.912
9.044,2.057
9.585,2.198
7.873,1.793
8.358,1.922
8.87,2.057
9.414,2.202
7.741,1.798
8.204,1.922
8.699,2.055
9.222,2.198
7.618,1.801
8.065,1.925
8.522,2.05
9.042,2.193
7.489,1.802
7.924,1.923
8.355,2.044
8.861,2.187
7.0,1.701
7.373,1.805
7.785,1.922
8.194,2.038
8.69,2.181
6.882,1.7
7.264,1.809
7.641,1.917
8.04,2.033
8.519,2.172
6.78,1.701
7.092,1.793
7.504,1.913
7.895,2.028
8.358,2.164
6.671,1.701
6.988,1.794
7.369,1.908
7.764,2.025
8.193,2.154
6.571,1.701
6.884,1.793
7.253,1.905
7.618,2.015
8.037,2.144
6.471,1.7
6.773,1.79
7.131,1.901
7.477,2.006
7.891,2.134
6.372,1.698
6.66,1.785
7.011,1.895
7.348,1.998
7.747,2.124
6.262,1.69
6.542,1.776
6.9,1.889
7.22,1.99
7.602,2.11
5.934,1.614
6.182,1.692
6.438,1.77
6.787,1.882
7.082,1.976
7.465,2.099
6.091,1.687
6.339,1.765
6.671,1.872
6.968,1.969
7.327,2.085
5.987,1.678
6.243,1.76
6.556,1.861
6.848,1.957
7.2,2.073
5.89,1.669
6.145,1.752
6.437,1.848
6.731,1.945
7.028,2.043
6.042,1.74
6.32,1.833
6.626,1.935
6.903,2.028
5.962,1.738
6.205,1.818
6.51,1.921
6.8,2.019
5.876,1.73
6.12,1.813
6.419,1.915
6.684,2.004
6.027,1.802
6.306,1.899
6.577,1.992
5.935,1.791
6.211,1.888
6.47,1.977
5.843,1.779
6.119,1.876
6.368,1.963
5.749,1.765
6.036,1.867
6.265,1.948
5.934,1.85
6.172,1.934
5.826,1.829
6.077,1.919
5.732,1.812
5.987,1.905
5.888,1.885
5.792,1.866
5.716,1.855
5.639,1.841
9.381,2.212
9.336,2.139
9.376,2.087
9.998,2.234
9.34,2.017
9.94,2.154
9.368,1.962
9.97,2.093
9.342,1.894
9.978,2.029
9.999,1.967
5.016,2.043
5.025,2.02
5.043,2.003
5.053,1.982
5.069,1.964
5.268,2.049
5.073,1.945
5.277,2.03
5.084,1.929
5.285,2.014
5.084,1.91
5.295,1.996
5.516,2.086
5.096,1.897
5.296,1.98
5.512,2.068
5.101,1.883
5.31,1.967
5.52,2.053
5.106,1.869
5.304,1.951
5.523,2.039
5.105,1.855
5.299,1.936
5.526,2.026
5.104,1.844
5.303,1.926
5.522,2.014
5.106,1.833
5.303,1.915
5.515,2.0
5.761,2.097
5.085,1.817
5.305,1.906
5.513,1.991
5.756,2.088
5.072,1.806
5.298,1.896
5.514,1.984
5.757,2.081
5.073,1.8
5.289,1.887
5.505,1.977
5.748,2.073
5.088,1.799
5.284,1.881
5.5,1.971
5.739,2.065
5.091,1.795
5.282,1.877
5.492,1.964
5.733,2.062
5.087,1.792
5.268,1.871
5.482,1.961
5.719,2.057
5.082,1.79
5.257,1.868
5.471,1.959
5.707,2.054
5.071,1.787
5.246,1.865
5.46,1.956
5.69,2.052
5.056,1.785
5.237,1.866
5.448,1.956
5.675,2.052
5.05,1.786
5.224,1.867
5.435,1.957
5.666,2.055
5.036,1.788
5.214,1.87
5.419,1.96
5.648,2.056
5.024,1.791
5.193,1.87
5.409,1.964
5.63,2.06
5.003,1.793
5.18,1.875
5.391,1.968
5.615,2.066
5.172,1.883
5.372,1.974
5.593,2.072
5.157,1.889
5.355,1.981
5.575,2.079
5.139,1.897
5.345,1.992
5.556,2.088
5.122,1.906
5.321,1.999
5.535,2.098
5.098,1.914
5.3,2.009
5.082,1.925
5.277,2.019
5.066,1.938
5.258,2.033
5.046,1.951
5.242,2.047
5.026,1.965
5.22,2.062
5.7,2.093
5.737,2.067
5.757,2.039
5.794,2.014
5.816,1.988
6.095,2.086
5.844,1.962
6.125,2.058
5.874,1.938
6.152,2.033
5.892,1.911
6.183,2.01
6.495,2.112
5.91,1.886
6.202,1.984
6.521,2.088
5.936,1.865
6.225,1.96
6.537,2.061
5.932,1.836
6.246,1.937
6.563,2.039
5.967,1.819
6.268,1.915
6.583,2.015
6.933,2.124
5.999,1.802
6.269,1.89
6.595,1.992
6.94,2.1
6.017,1.781
6.288,1.869
6.61,1.971
6.953,2.078
6.031,1.761
6.269,1.843
6.621,1.951
6.96,2.056
6.026,1.741
6.28,1.825
6.636,1.932
6.962,2.034
7.362,2.153
6.035,1.724
6.311,1.813
6.624,1.911
6.982,2.019
7.368,2.134
6.032,1.706
6.318,1.797
6.635,1.895
6.988,2.002
7.374,2.116
6.04,1.691
6.315,1.779
6.631,1.878
6.979,1.983
7.375,2.1
6.055,1.679
6.318,1.766
6.61,1.859
6.981,1.968
7.379,2.086
6.057,1.666
6.301,1.748
6.598,1.844
6.978,1.956
7.372,2.072
6.034,1.65
6.603,1.833
6.978,1.945
7.361,2.058
6.031,1.641
6.618,1.827
6.975,1.934
7.363,2.05
6.033,1.634
6.309,1.722
6.618,1.819
6.957,1.925
7.345,2.039
6.299,1.715
6.609,1.812
6.956,1.919
7.343,2.036
7.778,2.162
6.289,1.708
6.6,1.807
6.939,1.913
7.321,2.028
7.754,2.156
6.284,1.704
6.581,1.802
6.929,1.909
7.314,2.027
7.739,2.153
5.997,1.611
6.263,1.7
6.566,1.798
6.919,1.908
7.291,2.024
7.72,2.152
5.981,1.608
6.261,1.702
6.558,1.798
6.9,1.907
7.266,2.022
7.7,2.153
5.962,1.607
6.234,1.699
6.54,1.799
6.872,1.906
7.244,2.023
7.675,2.156
5.952,1.609
6.212,1.7
6.522,1.801
6.857,1.909
7.225,2.027
7.641,2.157
5.94,1.612
6.204,1.704
6.502,1.805
6.849,1.916
7.199,2.031
7.624,2.164
5.922,1.616
6.183,1.708
6.48,1.811
6.815,1.92
7.183,2.04
5.906,1.622
6.169,1.716
6.464,1.816
6.796,1.927
7.15,2.047
5.888,1.629
6.158,1.725
6.435,1.823
6.769,1.936
7.125,2.056
5.863,1.637
6.137,1.733
6.396,1.831
6.744,1.947
7.101,2.069
5.85,1.646
6.118,1.744
6.372,1.841
6.72,1.96
7.072,2.081
5.845,1.662
6.095,1.756
6.364,1.857
6.685,1.972
7.029,2.092
5.808,1.671
6.078,1.77
6.351,1.873
6.659,1.986
7.012,2.111
5.791,1.684
6.065,1.788
6.333,1.891
6.632,2.003
6.977,2.129
5.763,1.699
6.043,1.804
6.291,1.904
6.608,2.022
5.747,1.716
5.997,1.815
6.277,1.925
6.575,2.04
5.739,1.737
5.939,1.827
6.253,1.944
6.541,2.059
5.721,1.756
5.946,1.853
6.217,1.963
6.513,2.081
5.697,1.776
5.919,1.874
6.182,1.982
6.483,2.103
5.67,1.796
5.895,1.895
6.162,2.007
6.45,2.126
5.609,1.809
5.862,1.916
6.125,2.029
5.587,1.832
5.838,1.941
6.099,2.054
5.578,1.859
5.808,1.964
6.074,2.081
5.547,1.881
5.782,1.989
5.526,1.908
5.747,2.013
5.493,1.932
5.724,2.041
5.475,1.96
5.692,2.067
5.445,1.987
5.672,2.098
5.417,2.013
5.393,2.043
5.366,2.071
8.446,2.196
8.464,2.175
8.478,2.154
8.482,2.133
8.482,2.115
8.472,2.097
8.471,2.083
8.461,2.069
9.043,2.223
8.447,2.057
9.022,2.21
8.443,2.049
9.025,2.203
8.427,2.042
8.996,2.193
8.416,2.037
8.971,2.188
8.379,2.03
8.944,2.184
8.37,2.031
8.915,2.182
8.343,2.031
8.895,2.184
8.319,2.034
8.845,2.183
8.275,2.036
8.815,2.19
8.249,2.043
8.78,2.196
8.215,2.051
8.75,2.206
8.177,2.059
8.704,2.215
8.147,2.073
8.667,2.23
8.104,2.085
8.063,2.1
8.036,2.12
7.989,2.138
7.947,2.157
7.038,2.164
7.046,2.118
7.052,2.072
7.05,2.024
7.421,2.137
5.603,1.893
5.813,1.964
6.058,2.049
5.627,1.865
5.84,1.936
6.076,2.016
6.335,2.105
5.664,1.843
5.867,1.907
6.094,1.983
6.352,2.068
5.904,1.883
6.128,1.956
6.379,2.037
5.921,1.851
6.166,1.93
6.404,2.003
5.939,1.819
6.203,1.903
6.456,1.982
5.962,1.788
6.228,1.872
6.483,1.948
6.0,1.763
6.276,1.848
6.526,1.921
6.03,1.734
6.285,1.81
6.568,1.894
6.062,1.709
6.32,1.781
6.62,1.869
6.098,1.682
6.355,1.752
6.633,1.829
6.142,1.658
6.406,1.728
6.679,1.801
6.459,1.705
6.728,1.775
6.497,1.676
6.782,1.748
6.834,1.722
6.883,1.695
6.904,1.953
7.249,2.064
6.801,1.955
7.131,2.063
6.698,1.955
7.041,2.07
6.603,1.956
6.923,2.065
6.512,1.959
6.823,2.065
6.42,1.959
6.725,2.064
6.323,1.956
6.627,2.062
6.234,1.953
6.52,2.054
6.143,1.95
6.428,2.051
6.052,1.944
6.326,2.044
5.971,1.942
6.246,2.044
5.885,1.936
6.157,2.037
6.417,2.133
5.788,1.924
6.029,2.013
6.326,2.126
5.713,1.921
5.934,2.002
6.247,2.124
5.633,1.914
5.836,1.988
5.555,1.906
5.768,1.987
6.016,2.081
5.488,1.903
5.69,1.98
5.923,2.07
5.607,1.968
5.845,2.062
5.529,1.959
5.767,2.053
5.455,1.951
5.666,2.032
5.384,1.941
5.589,2.022
5.511,2.009
5.438,1.999
5.66,2.089
5.361,1.984
5.578,2.073
5.295,1.974
5.503,2.059
5.22,1.958
5.423,2.042
5.347,2.025
5.16,1.97
5.282,2.014
5.211,1.997
5.41,2.082
5.128,1.974
5.331,2.061
5.275,2.052
5.196,2.027
5.13,2.011
5.064,1.993
5.078,2.017
5.201,2.063
5.125,2.038
5.058,2.017
5.0,2.014
5.158,2.047
5.169,2.025
5.187,2.006
5.395,2.091
5.193,1.982
5.41,2.07
5.007,1.882
5.212,1.965
5.427,2.052
5.017,1.863
5.222,1.946
5.435,2.032
5.026,1.846
5.227,1.928
5.444,2.014
5.032,1.828
5.238,1.91
5.452,1.996
5.684,2.086
5.031,1.811
5.247,1.895
5.459,1.979
5.689,2.069
5.029,1.794
5.246,1.878
5.461,1.963
5.697,2.054
5.053,1.783
5.247,1.862
5.466,1.948
5.698,2.039
5.07,1.774
5.247,1.849
5.459,1.932
5.693,2.023
5.064,1.759
5.255,1.837
5.464,1.921
5.699,2.012
5.064,1.748
5.248,1.824
5.469,1.91
5.696,2.0
5.964,2.1
5.05,1.734
5.238,1.811
5.463,1.899
5.691,1.988
5.956,2.088
5.059,1.727
5.215,1.797
5.456,1.888
5.688,1.978
5.947,2.077
5.049,1.716
5.232,1.794
5.457,1.881
5.688,1.971
5.94,2.069
5.034,1.707
5.25,1.792
5.456,1.876
5.679,1.964
5.934,2.063
5.028,1.7
5.247,1.786
5.443,1.868
5.668,1.957
5.926,2.057
5.012,1.694
5.241,1.783
5.43,1.862
5.659,1.954
5.909,2.05
5.011,1.69
5.237,1.779
5.426,1.86
5.65,1.95
5.899,2.048
5.003,1.688
5.225,1.776
5.413,1.857
5.639,1.948
5.894,2.048
5.215,1.775
5.401,1.856
5.622,1.947
5.878,2.047
5.208,1.775
5.388,1.855
5.617,1.949
5.858,2.047
5.192,1.776
5.38,1.859
5.602,1.951
5.844,2.051
5.181,1.778
5.36,1.859
5.578,1.952
5.827,2.054
5.165,1.782
5.35,1.866
5.568,1.959
5.814,2.06
5.146,1.786
5.336,1.871
5.549,1.963
5.789,2.065
5.127,1.79
5.319,1.877
5.533,1.971
5.778,2.074
5.089,1.792
5.3,1.884
5.505,1.977
5.743,2.079
5.073,1.801
5.285,1.894
5.5,1.99
5.737,2.092
5.061,1.811
5.265,1.903
5.476,1.999
5.057,1.824
5.248,1.914
5.456,2.01
5.039,1.835
5.229,1.927
5.441,2.026
5.017,1.848
5.213,1.941
5.416,2.037
5.197,1.955
5.387,2.05
5.171,1.97
5.377,2.068
5.147,1.984
5.352,2.085
5.13,2.004
5.106,2.02
5.087,2.039
5.066,2.06
5.966,2.081
5.989,2.052
6.031,2.028
6.325,2.129
6.057,2.0
6.359,2.102
6.077,1.973
6.383,2.075
6.11,1.949
6.416,2.049
6.135,1.925
6.444,2.025
6.779,2.133
6.159,1.9
6.461,1.999
6.8,2.106
6.177,1.876
6.48,1.973
6.829,2.082
6.175,1.848
6.501,1.95
6.843,2.057
6.196,1.827
6.514,1.928
6.858,2.032
7.239,2.147
6.232,1.811
6.537,1.906
6.879,2.011
7.251,2.124
6.24,1.789
6.536,1.883
6.883,1.989
7.262,2.101
6.248,1.771
6.536,1.861
6.901,1.969
7.277,2.081
6.253,1.751
6.53,1.839
6.905,1.95
7.28,2.061
6.263,1.734
6.559,1.827
6.914,1.933
7.282,2.043
6.271,1.719
6.558,1.81
6.917,1.917
7.296,2.027
7.727,2.151
6.277,1.704
6.575,1.797
6.906,1.898
7.301,2.013
7.72,2.134
6.263,1.689
6.571,1.783
6.904,1.884
7.288,1.996
7.726,2.121
6.288,1.681
6.565,1.77
6.874,1.866
7.288,1.985
7.722,2.11
6.27,1.667
6.565,1.761
6.87,1.856
7.266,1.97
7.712,2.097
6.261,1.656
6.562,1.752
6.883,1.85
7.265,1.962
7.69,2.085
6.248,1.649
6.552,1.743
6.868,1.841
7.253,1.955
7.684,2.079
6.234,1.64
6.544,1.737
6.872,1.838
7.236,1.948
7.665,2.072
6.233,1.636
6.531,1.731
6.854,1.833
7.234,1.945
7.653,2.07
6.224,1.634
6.518,1.727
6.849,1.831
7.217,1.944
7.632,2.067
6.503,1.727
6.826,1.829
7.195,1.941
7.619,2.067
6.495,1.727
6.813,1.828
7.171,1.941
7.598,2.069
6.477,1.728
6.809,1.834
7.154,1.944
7.574,2.072
6.459,1.732
6.771,1.833
7.126,1.947
7.547,2.076
6.152,1.64
6.439,1.736
6.743,1.839
7.106,1.955
7.511,2.08
6.139,1.644
6.416,1.742
6.709,1.842
7.082,1.962
7.481,2.089
6.111,1.651
6.394,1.749
6.678,1.85
7.059,1.972
7.455,2.1
6.106,1.661
6.37,1.758
6.654,1.859
7.035,1.983
7.424,2.112
6.089,1.673
6.345,1.768
6.656,1.876
7.004,1.994
7.383,2.123
6.062,1.683
6.331,1.782
6.641,1.891
6.977,2.009
7.366,2.139
6.03,1.693
6.304,1.794
6.613,1.906
6.953,2.026
7.327,2.154
6.005,1.707
6.28,1.809
6.592,1.922
6.92,2.042
5.992,1.725
6.239,1.822
6.55,1.937
6.886,2.059
5.963,1.74
6.193,1.836
6.525,1.956
6.858,2.078
5.935,1.757
6.198,1.861
6.495,1.976
6.822,2.098
5.911,1.777
6.185,1.885
6.464,1.995
6.781,2.119
5.892,1.798
6.146,1.903
6.436,2.019
5.824,1.809
6.107,1.922
6.403,2.041
5.797,1.832
6.074,1.944
6.377,2.066
5.795,1.86
6.063,1.972
6.343,2.091
5.773,1.886
6.031,1.996
6.306,2.115
5.736,1.907
6.001,2.023
5.716,1.935
5.973,2.049
5.69,1.962
5.935,2.074
5.664,1.989
5.64,2.019
5.612,2.046
5.584,2.075
8.883,2.22
8.88,2.201
8.874,2.186
8.871,2.173
8.857,2.16
8.84,2.15
8.827,2.143
8.808,2.136
8.791,2.134
8.744,2.128
8.725,2.13
8.694,2.131
8.666,2.136
8.636,2.142
8.603,2.151
8.562,2.161
8.514,2.171
8.486,2.187
8.059,2.19
8.075,2.141
8.04,2.076
8.094,2.038
8.537,2.156
8.098,1.986
8.507,2.091
8.101,1.933
8.572,2.052
9.11,2.187
8.105,1.88
8.601,2.003
9.109,2.126
9.735,2.283
8.134,1.835
8.602,1.946
9.133,2.072
9.769,2.226
8.148,1.786
8.626,1.896
9.185,2.025
9.797,2.167
8.659,1.847
9.218,1.971
9.794,2.1
9.24,1.917
9.867,2.053
9.283,1.867
9.927,2.001
5.015,2.058
5.041,2.036
5.054,2.012
5.072,1.989
5.102,1.97
5.31,2.056
5.115,1.948
5.331,2.034
5.131,1.927
5.347,2.013
5.148,1.908
5.363,1.993
5.585,2.08
5.153,1.885
5.373,1.971
5.603,2.061
5.172,1.868
5.382,1.95
5.608,2.038
5.177,1.848
5.396,1.934
5.623,2.021
5.011,1.758
5.196,1.832
5.405,1.915
5.629,2.001
5.882,2.095
5.019,1.742
5.178,1.81
5.413,1.898
5.633,1.982
5.887,2.077
5.011,1.723
5.185,1.794
5.408,1.879
5.632,1.965
5.907,2.064
5.025,1.708
5.216,1.786
5.418,1.865
5.642,1.949
5.902,2.046
5.024,1.693
5.222,1.771
5.424,1.851
5.652,1.938
5.904,2.031
6.186,2.132
5.031,1.682
5.23,1.759
5.426,1.839
5.644,1.923
5.902,2.017
6.18,2.117
5.019,1.666
5.222,1.745
5.398,1.817
5.65,1.91
5.899,2.004
6.179,2.104
5.024,1.656
5.222,1.734
5.398,1.807
5.648,1.899
5.899,1.992
6.175,2.093
5.22,1.723
5.403,1.798
5.638,1.888
5.896,1.981
6.177,2.085
5.221,1.715
5.43,1.797
5.642,1.88
5.888,1.973
6.167,2.074
5.212,1.707
5.433,1.79
5.631,1.872
5.884,1.966
6.152,2.065
5.213,1.701
5.425,1.784
5.624,1.865
5.873,1.958
6.153,2.061
5.202,1.694
5.415,1.777
5.615,1.859
5.863,1.953
6.137,2.055
5.183,1.688
5.408,1.774
5.602,1.854
5.853,1.95
6.126,2.052
5.178,1.685
5.401,1.772
5.593,1.853
5.847,1.948
6.112,2.049
5.169,1.683
5.392,1.771
5.58,1.851
5.833,1.948
6.095,2.047
5.161,1.683
5.372,1.768
5.575,1.852
5.814,1.947
6.086,2.05
5.148,1.683
5.362,1.769
5.561,1.854
5.796,1.947
6.057,2.048
5.135,1.684
5.351,1.772
5.542,1.854
5.778,1.951
6.055,2.057
5.122,1.687
5.341,1.777
5.525,1.858
5.766,1.954
6.027,2.059
5.111,1.693
5.323,1.78
5.505,1.862
5.748,1.961
6.01,2.066
5.11,1.701
5.31,1.787
5.503,1.872
5.727,1.967
5.987,2.071
5.085,1.705
5.286,1.791
5.485,1.88
5.711,1.977
5.971,2.083
5.074,1.714
5.256,1.797
5.464,1.887
5.69,1.985
5.954,2.094
5.057,1.722
5.212,1.8
5.445,1.897
5.67,1.995
5.04,1.732
5.205,1.814
5.421,1.908
5.652,2.007
5.022,1.742
5.199,1.827
5.413,1.922
5.627,2.02
5.01,1.756
5.185,1.842
5.385,1.934
5.601,2.032
5.16,1.855
5.359,1.948
5.581,2.049
5.146,1.87
5.342,1.964
5.562,2.065
5.123,1.884
5.322,1.981
5.536,2.081
5.107,1.903
5.302,1.999
5.08,1.918
5.275,2.016
5.059,1.936
5.254,2.035
5.038,1.956
5.229,2.055
5.014,1.976
6.197,2.111
6.24,2.085
6.268,2.055
6.298,2.029
6.322,2.002
6.654,2.109
6.339,1.974
6.674,2.08
6.372,1.949
6.696,2.052
7.056,2.165
6.392,1.924
6.723,2.028
7.085,2.14
6.415,1.901
6.738,2.002
7.109,2.115
6.435,1.877
6.767,1.981
7.129,2.089
6.406,1.845
6.777,1.956
7.141,2.064
6.445,1.828
6.792,1.932
7.156,2.041
7.58,2.164
6.47,1.811
6.807,1.912
7.168,2.019
7.586,2.14
6.479,1.792
6.81,1.891
7.174,1.998
7.598,2.12
6.489,1.773
6.786,1.865
7.193,1.983
7.597,2.097
6.498,1.756
6.791,1.848
7.2,1.962
7.615,2.082
6.497,1.739
6.817,1.836
7.183,1.944
7.612,2.064
8.079,2.194
6.497,1.724
6.831,1.823
7.18,1.927
7.612,2.048
8.083,2.18
6.499,1.712
6.824,1.808
7.197,1.917
7.605,2.033
8.077,2.166
6.503,1.699
6.822,1.796
7.198,1.906
7.595,2.021
8.062,2.151
6.513,1.691
6.823,1.787
7.173,1.891
7.594,2.012
8.057,2.141
6.513,1.683
6.816,1.779
7.154,1.88
7.587,2.003
8.048,2.132
6.491,1.673
6.809,1.77
7.126,1.87
7.566,1.994
8.029,2.125
6.474,1.665
6.798,1.765
7.12,1.865
7.552,1.989
8.021,2.121
6.459,1.661
6.783,1.761
7.092,1.859
7.536,1.985
7.992,2.116
6.445,1.658
6.776,1.759
7.082,1.857
7.514,1.982
7.963,2.113
6.433,1.656
6.756,1.757
7.071,1.857
7.496,1.982
7.95,2.115
6.422,1.656
6.722,1.754
7.042,1.857
7.477,1.984
7.922,2.116
6.406,1.659
7.026,1.86
7.453,1.987
7.89,2.119
6.401,1.664
6.698,1.763
7.008,1.866
7.436,1.993
7.87,2.126
6.373,1.667
6.676,1.768
6.996,1.875
7.398,1.998
7.843,2.133
6.361,1.676
6.657,1.776
6.992,1.885
7.372,2.007
7.814,2.144
6.345,1.684
6.638,1.785
6.969,1.895
7.345,2.017
7.778,2.154
6.319,1.693
6.607,1.794
6.941,1.907
7.311,2.028
6.277,1.7
6.587,1.807
6.921,1.92
7.272,2.04
6.255,1.712
6.56,1.819
6.896,1.935
7.25,2.057
6.245,1.729
6.522,1.831
6.866,1.949
7.219,2.074
6.218,1.744
6.473,1.843
6.827,1.965
7.188,2.091
6.194,1.759
6.469,1.865
6.811,1.985
7.161,2.112
6.16,1.776
6.446,1.884
6.774,2.005
7.138,2.135
6.144,1.797
6.429,1.906
6.742,2.025
7.084,2.153
6.103,1.814
6.391,1.925
6.706,2.047
6.047,1.829
6.364,1.949
6.675,2.07
6.055,1.859
6.337,1.972
6.647,2.095
6.025,1.882
6.303,1.996
6.607,2.119
5.996,1.907
6.273,2.022
5.971,1.932
6.24,2.047
5.942,1.957
6.214,2.075
5.913,1.984
6.182,2.103
5.889,2.013
5.854,2.04
5.821,2.069
5.789,2.098
6.845,1.721
7.198,1.823
7.592,1.939
7.955,2.046
6.741,1.719
7.084,1.821
7.457,1.932
7.827,2.042
6.629,1.715
6.967,1.816
7.316,1.921
7.68,2.031
6.515,1.708
6.875,1.817
7.191,1.914
7.542,2.021
6.418,1.705
6.711,1.793
7.071,1.906
7.41,2.01
6.311,1.696
6.599,1.785
6.958,1.899
7.282,2.001
5.96,1.611
6.216,1.692
6.491,1.777
6.85,1.892
7.153,1.988
6.12,1.685
6.39,1.771
6.738,1.882
7.022,1.973
6.024,1.677
6.275,1.757
6.613,1.866
6.905,1.963
5.933,1.669
6.181,1.749
6.491,1.851
6.78,1.945
6.089,1.74
6.368,1.833
6.673,1.935
5.998,1.732
6.253,1.817
6.561,1.921
5.903,1.72
6.155,1.805
6.445,1.904
6.061,1.793
6.348,1.892
5.969,1.78
6.24,1.874
5.878,1.768
6.151,1.863
9.092,1.835
9.728,1.969
9.705,1.9
6.873,2.005
7.205,2.106
6.888,1.964
7.216,2.061
6.912,1.925
7.216,2.012
7.613,2.13
6.95,1.892
7.247,1.974
7.634,2.086
6.952,1.846
7.279,1.935
7.628,2.032
8.068,2.157
6.984,1.809
7.317,1.898
7.689,2.0
8.107,2.114
7.006,1.769
7.343,1.859
7.729,1.961
8.091,2.055
7.006,1.725
7.367,1.817
7.764,1.92
8.18,2.028
8.673,2.157
7.395,1.777
7.807,1.881
8.233,1.988
8.684,2.102
7.438,1.741
7.838,1.839
8.283,1.948
8.742,2.06
9.311,2.202
7.475,1.703
7.884,1.801
8.356,1.912
8.818,2.023
9.373,2.156
8.379,1.864
8.884,1.982
9.369,2.093
8.436,1.826
8.987,1.951
9.48,2.06
9.011,1.898
9.562,2.019
9.083,1.857
9.668,1.98
9.767,1.94
9.846,1.897
5.129,2.062
5.138,2.032
5.152,2.005
5.353,2.05
5.36,2.017
5.564,2.094
5.366,1.984
5.574,2.063
5.393,1.96
5.587,2.03
5.41,1.932
5.599,1.999
5.827,2.082
5.616,1.968
5.841,2.048
5.146,1.697
5.355,1.776
5.567,1.856
5.815,1.946
6.087,2.043
5.148,1.681
5.362,1.761
5.57,1.841
5.821,1.932
6.093,2.028
6.385,2.129
5.151,1.668
5.359,1.746
5.559,1.823
5.818,1.916
6.086,2.013
6.374,2.113
5.152,1.655
5.355,1.732
5.555,1.809
5.825,1.906
6.085,1.998
6.377,2.1
5.162,1.645
5.355,1.721
5.562,1.801
5.818,1.892
6.088,1.988
6.369,2.087
5.353,1.711
5.578,1.794
5.815,1.881
6.079,1.976
6.366,2.077
5.346,1.7
5.572,1.783
5.808,1.871
6.075,1.966
6.363,2.068
5.34,1.692
5.572,1.776
5.798,1.862
6.073,1.96
6.35,2.059
5.345,1.686
5.572,1.771
5.794,1.857
6.053,1.95
6.343,2.053
5.334,1.679
5.56,1.764
5.786,1.851
6.038,1.944
6.333,2.049
5.321,1.673
5.554,1.762
5.777,1.847
6.039,1.943
6.327,2.046
5.312,1.67
5.546,1.758
5.764,1.843
6.031,1.941
6.32,2.045
5.303,1.669
5.53,1.755
5.747,1.84
6.018,1.94
6.298,2.043
5.297,1.668
5.525,1.756
5.735,1.842
5.996,1.939
6.282,2.043
5.285,1.669
5.51,1.756
5.725,1.843
5.983,1.94
6.264,2.046
5.27,1.669
5.493,1.758
5.718,1.847
5.976,1.945
6.239,2.046
5.26,1.673
5.482,1.762
5.695,1.85
5.955,1.949
6.224,2.053
5.252,1.679
5.473,1.768
5.678,1.855
5.926,1.951
6.215,2.061
5.229,1.683
5.451,1.772
5.653,1.859
5.909,1.959
6.191,2.069
5.216,1.691
5.438,1.782
5.645,1.869
5.898,1.97
6.171,2.079
5.199,1.698
5.414,1.787
5.628,1.878
5.875,1.98
6.137,2.085
5.183,1.706
5.382,1.793
5.603,1.887
5.849,1.99
6.116,2.097
5.167,1.717
5.352,1.802
5.589,1.901
5.831,2.003
5.156,1.73
5.334,1.813
5.565,1.913
5.802,2.015
5.139,1.743
5.33,1.831
5.534,1.923
5.781,2.029
5.131,1.759
5.308,1.844
5.523,1.94
5.759,2.044
5.112,1.775
5.294,1.862
5.506,1.958
5.731,2.061
5.076,1.785
5.28,1.88
5.482,1.975
5.705,2.079
5.037,1.798
5.25,1.895
5.454,1.991
5.688,2.099
5.037,1.82
5.236,1.915
5.437,2.012
5.016,1.838
5.216,1.934
5.413,2.032
5.188,1.953
5.387,2.051
5.167,1.974
5.367,2.074
5.145,1.995
5.344,2.096
5.128,2.019
5.101,2.04
5.08,2.066
6.52,2.122
6.548,2.092
6.577,2.063
6.613,2.039
6.638,2.01
7.0,2.124
6.665,1.985
7.02,2.095
6.683,1.959
7.044,2.069
6.701,1.934
7.063,2.043
7.475,2.164
6.724,1.912
7.082,2.019
7.495,2.139
6.745,1.89
7.104,1.996
7.506,2.114
6.728,1.861
7.104,1.971
7.514,2.089
6.727,1.838
7.136,1.955
7.525,2.066
6.761,1.824
7.131,1.931
7.537,2.047
6.767,1.806
7.145,1.915
7.543,2.027
8.002,2.156
6.769,1.788
7.147,1.897
7.552,2.012
7.998,2.136
6.785,1.774
7.117,1.873
7.553,1.995
7.998,2.119
6.789,1.761
7.108,1.857
7.546,1.978
7.997,2.104
6.786,1.747
7.117,1.847
7.551,1.968
7.996,2.092
6.779,1.735
7.124,1.837
7.533,1.953
7.995,2.081
6.777,1.726
7.125,1.829
7.526,1.943
7.985,2.071
6.763,1.716
7.121,1.82
7.518,1.936
7.973,2.063
6.769,1.712
7.108,1.814
7.503,1.929
7.954,2.056
8.457,2.195
6.759,1.707
7.094,1.81
7.495,1.925
7.94,2.052
8.453,2.195
6.753,1.705
7.08,1.806
7.471,1.921
7.911,2.047
8.42,2.189
6.74,1.703
7.064,1.804
7.456,1.92
7.892,2.047
8.392,2.187
6.719,1.701
7.044,1.803
7.442,1.921
7.868,2.048
8.374,2.191
6.696,1.701
7.023,1.806
7.402,1.921
7.839,2.049
8.341,2.193
6.679,1.704
7.008,1.809
7.39,1.927
7.82,2.055
8.311,2.198
6.659,1.708
6.988,1.815
7.374,1.934
7.788,2.061
6.635,1.714
6.973,1.823
7.338,1.94
7.751,2.067
6.572,1.714
6.942,1.83
7.334,1.952
7.737,2.082
6.582,1.73
6.898,1.837
7.318,1.967
7.705,2.093
6.564,1.742
6.86,1.845
7.285,1.979
7.687,2.108
6.545,1.755
6.833,1.859
7.239,1.99
7.629,2.119
6.507,1.768
6.839,1.879
7.203,2.004
7.596,2.137
6.49,1.783
6.816,1.897
7.169,2.02
7.56,2.153
6.464,1.8
6.78,1.913
7.131,2.037
6.427,1.816
6.75,1.934
7.106,2.059
6.376,1.83
6.722,1.953
7.064,2.079
6.362,1.853
6.674,1.971
7.031,2.102
6.35,1.879
6.649,1.995
7.0,2.126
6.315,1.901
6.62,2.019
6.288,1.924
6.586,2.043
6.264,1.95
6.553,2.07
6.226,1.974
6.519,2.095
6.204,2.002
6.489,2.125
6.178,2.031
6.139,2.057
6.104,2.086
6.994,1.891
7.317,1.99
7.713,2.113
6.881,1.89
7.206,1.992
7.587,2.113
6.775,1.892
7.09,1.992
7.472,2.115
6.673,1.893
6.985,1.993
7.349,2.111
6.582,1.896
6.876,1.992
7.226,2.107
6.485,1.895
6.766,1.987
7.114,2.106
6.386,1.893
6.667,1.986
7.012,2.104
6.29,1.89
6.56,1.981
6.897,2.098
6.204,1.89
6.472,1.981
6.795,2.094
6.12,1.888
6.371,1.975
6.69,2.088
6.026,1.882
6.278,1.972
6.575,2.077
5.939,1.878
6.185,1.966
6.477,2.07
5.858,1.874
6.085,1.956
6.38,2.064
5.775,1.869
6.0,1.949
6.285,2.055
5.696,1.864
5.915,1.942
6.193,2.047
5.614,1.856
5.825,1.933
6.111,2.041
5.751,1.929
6.031,2.036
6.275,2.128
5.663,1.918
5.891,2.003
6.173,2.114
5.588,1.911
5.791,1.987
6.082,2.1
5.517,1.904
5.72,1.981
5.999,2.091
5.645,1.972
5.924,2.084
5.568,1.961
5.834,2.068
5.494,1.952
5.754,2.056
5.416,1.937
5.619,2.018
5.553,2.01
5.465,1.99
5.696,2.084
5.393,1.977
5.612,2.067
5.321,1.964
5.54,2.053
5.46,2.035
5.381,2.017
5.302,1.997
5.521,2.088
5.233,1.979
5.445,2.069
5.758,2.078
5.777,2.047
5.783,2.01
6.032,2.1
5.786,1.971
6.01,2.05
5.803,1.939
6.05,2.025
6.301,2.112
5.82,1.906
6.046,1.982
6.313,2.074
5.845,1.877
6.06,1.946
6.334,2.04
5.863,1.845
6.09,1.917
6.333,1.995
6.64,2.097
5.871,1.808
6.109,1.884
6.369,1.965
6.668,2.063
5.889,1.775
6.134,1.853
6.391,1.931
6.641,2.008
7.002,2.125
5.925,1.749
6.15,1.817
6.423,1.901
6.702,1.985
7.028,2.086
5.941,1.716
6.172,1.784
6.454,1.868
6.733,1.951
7.058,2.051
7.405,2.154
5.976,1.689
6.236,1.766
6.475,1.832
6.778,1.922
7.081,2.011
7.443,2.117
5.018,2.004
5.046,1.981
5.065,1.956
5.277,2.042
5.088,1.933
5.3,2.018
5.104,1.909
5.321,1.995
5.546,2.082
5.13,1.887
5.335,1.969
5.56,2.056
5.142,1.863
5.36,1.947
5.583,2.032
5.162,1.842
5.377,1.923
5.606,2.01
5.18,1.82
5.384,1.899
5.624,1.988
5.883,2.082
5.173,1.792
5.403,1.879
5.638,1.966
5.898,2.06
5.213,1.78
5.418,1.858
5.653,1.944
5.914,2.039
5.242,1.764
5.431,1.839
5.672,1.926
5.927,2.018
6.213,2.117
5.246,1.744
5.427,1.816
5.677,1.904
5.935,1.996
6.22,2.096
5.252,1.724
5.442,1.799
5.682,1.886
5.941,1.976
6.222,2.073
5.259,1.706
5.449,1.781
5.686,1.867
5.949,1.959
6.236,2.057
5.259,1.689
5.46,1.764
5.703,1.852
5.961,1.942
6.244,2.04
5.258,1.672
5.469,1.75
5.699,1.834
5.963,1.926
6.236,2.021
6.555,2.127
5.258,1.658
5.463,1.733
5.681,1.813
5.959,1.91
6.248,2.007
6.552,2.11
5.28,1.647
5.47,1.721
5.681,1.799
5.961,1.896
6.239,1.991
6.562,2.099
5.274,1.634
5.479,1.71
5.696,1.79
5.962,1.882
6.24,1.978
6.554,2.084
5.474,1.698
5.7,1.78
5.952,1.87
6.241,1.968
6.551,2.073
5.476,1.689
5.699,1.771
5.962,1.863
6.233,1.956
6.535,2.06
5.467,1.678
5.699,1.762
5.957,1.853
6.237,1.951
6.54,2.053
5.463,1.67
5.685,1.752
5.935,1.842
6.226,1.942
6.526,2.046
5.461,1.665
5.686,1.749
5.919,1.835
6.216,1.936
6.52,2.04
5.452,1.659
5.671,1.741
5.914,1.83
6.205,1.931
6.5,2.034
5.44,1.654
5.661,1.739
5.897,1.824
6.196,1.928
6.488,2.03
5.447,1.655
5.657,1.737
5.884,1.824
6.176,1.925
6.483,2.032
5.439,1.654
5.644,1.734
5.869,1.821
6.17,1.925
6.464,2.03
5.415,1.651
5.631,1.736
5.859,1.822
6.153,1.927
6.437,2.029
5.415,1.655
5.617,1.737
5.842,1.824
6.129,1.928
6.422,2.034
5.395,1.655
5.602,1.74
5.83,1.828
6.117,1.933
6.407,2.04
5.381,1.66
5.587,1.744
5.824,1.836
6.102,1.939
6.382,2.045
5.358,1.663
5.572,1.75
5.812,1.843
6.079,1.945
6.366,2.053
5.341,1.668
5.555,1.756
5.791,1.85
6.056,1.952
6.342,2.062
5.323,1.676
5.541,1.766
5.777,1.86
6.039,1.963
6.323,2.072
5.31,1.686
5.525,1.775
5.755,1.869
6.025,1.975
6.3,2.084
5.308,1.699
5.504,1.785
5.743,1.883
5.998,1.986
6.281,2.098
5.29,1.71
5.468,1.793
5.715,1.894
5.977,1.999
6.248,2.109
5.079,1.637
5.272,1.724
5.447,1.805
5.693,1.908
5.952,2.013
6.231,2.127
5.044,1.645
5.252,1.735
5.44,1.822
5.669,1.922
5.929,2.029
5.03,1.66
5.235,1.75
5.435,1.843
5.656,1.94
5.904,2.045
5.02,1.676
5.218,1.767
5.404,1.856
5.635,1.956
5.877,2.063
5.012,1.695
5.179,1.778
5.387,1.874
5.608,1.974
5.85,2.081
5.145,1.793
5.363,1.892
5.587,1.993
5.136,1.813
5.353,1.914
5.556,2.012
5.121,1.836
5.325,1.933
5.53,2.032
5.101,1.855
5.301,1.953
5.51,2.054
5.083,1.877
5.281,1.976
5.488,2.077
5.06,1.898
5.254,1.997
5.462,2.1
5.037,1.92
5.234,2.021
5.012,1.943
5.214,2.046
6.782,2.114
6.812,2.086
6.828,2.056
6.858,2.029
7.236,2.143
6.885,2.003
7.275,2.12
6.914,1.98
7.293,2.092
6.937,1.956
7.309,2.066
6.944,1.929
7.337,2.043
7.765,2.166
6.949,1.905
7.337,2.017
7.766,2.139
6.972,1.884
7.355,1.995
7.788,2.118
6.943,1.856
7.365,1.973
7.8,2.096
6.975,1.842
7.384,1.956
7.808,2.076
6.987,1.825
7.371,1.934
7.818,2.058
8.315,2.193
7.005,1.811
7.378,1.919
7.823,2.041
8.302,2.171
7.006,1.795
7.388,1.904
7.828,2.026
8.298,2.155
6.997,1.78
7.345,1.882
7.815,2.011
8.292,2.14
7.004,1.769
7.338,1.868
7.814,1.997
8.288,2.128
6.997,1.757
7.34,1.861
7.802,1.985
8.298,2.121
6.985,1.747
7.348,1.853
7.789,1.976
8.264,2.108
6.976,1.739
7.342,1.847
7.783,1.969
8.248,2.1
6.962,1.733
7.332,1.841
7.79,1.968
8.243,2.096
6.95,1.729
7.32,1.838
7.769,1.964
8.222,2.093
6.937,1.726
7.307,1.836
7.739,1.96
8.202,2.092
6.918,1.726
7.281,1.835
7.718,1.96
8.181,2.094
6.905,1.726
7.263,1.836
7.683,1.959
8.162,2.097
6.882,1.728
7.244,1.84
7.652,1.962
8.133,2.101
6.863,1.733
7.214,1.843
7.646,1.971
8.104,2.106
6.84,1.738
7.18,1.848
7.603,1.975
8.067,2.114
6.818,1.745
7.145,1.854
7.577,1.985
8.029,2.122
6.789,1.754
7.113,1.863
7.548,1.996
8.009,2.136
6.766,1.765
7.103,1.877
7.508,2.006
7.955,2.145
6.728,1.775
7.102,1.895
7.483,2.021
7.921,2.161
6.715,1.791
7.066,1.909
7.451,2.038
6.691,1.808
7.034,1.925
7.424,2.056
6.656,1.822
6.998,1.942
7.387,2.074
6.602,1.836
6.972,1.962
7.357,2.095
6.59,1.858
6.952,1.985
7.317,2.115
6.577,1.882
6.909,2.005
7.279,2.138
6.557,1.906
6.88,2.029
7.237,2.161
6.517,1.926
6.842,2.05
6.482,1.951
6.822,2.079
6.468,1.979
6.78,2.104
6.427,2.004
6.405,2.033
6.368,2.061
6.333,2.09
6.31,2.122
9.647,1.87
9.542,1.907
9.474,1.952
9.361,1.986
9.946,2.129
9.236,2.014
9.853,2.168
9.125,2.044
9.754,2.204
9.028,2.075
9.638,2.236
8.867,2.088
9.509,2.262
8.798,2.124
8.696,2.15
8.589,2.174
8.476,2.194
9.578,1.87
9.4,1.879
9.228,1.887
9.837,2.03
9.042,1.888
9.629,2.03
8.873,1.892
9.436,2.032
8.696,1.893
9.258,2.034
8.051,1.77
8.535,1.893
9.071,2.031
7.917,1.775
8.378,1.892
8.892,2.028
7.786,1.777
8.232,1.894
8.73,2.027
7.646,1.775
8.08,1.892
8.558,2.022
7.52,1.775
7.945,1.891
8.39,2.013
7.39,1.773
7.795,1.886
8.218,2.003
6.076,1.792
5.973,1.773
5.885,1.761
8.941,2.23
8.929,2.166
8.857,2.088
9.493,2.25
8.89,2.039
9.495,2.187
8.889,1.98
9.428,2.105
8.929,1.93
9.475,2.055
6.71,1.984
7.023,2.081
6.723,1.943
6.993,2.023
7.385,2.144
6.75,1.907
7.057,1.998
7.414,2.105
6.791,1.875
7.077,1.957
7.421,2.056
6.788,1.829
7.109,1.92
7.447,2.014
7.849,2.13
6.822,1.794
7.149,1.885
7.481,1.975
7.877,2.085
6.85,1.757
7.164,1.841
7.525,1.938
7.9,2.039
8.379,2.169
6.868,1.719
7.195,1.803
7.565,1.9
7.957,2.003
8.418,2.125
6.905,1.685
7.235,1.769
7.598,1.86
8.017,1.967
8.402,2.065
8.973,2.213
7.265,1.729
7.632,1.819
8.058,1.926
8.516,2.041
9.049,2.174
7.689,1.786
8.105,1.885
8.589,2.003
9.043,2.113
7.731,1.748
8.148,1.844
8.633,1.96
9.136,2.077
8.203,1.806
8.716,1.924
9.217,2.037
8.762,1.878
9.28,1.994
8.823,1.838
9.407,1.964
9.471,1.918
5.522,1.908
5.723,1.977
5.97,2.065
5.751,1.951
5.987,2.032
5.767,1.919
5.968,1.984
5.797,1.893
6.022,1.966
5.822,1.864
6.053,1.939
5.858,1.841
6.085,1.912
5.874,1.808
6.121,1.886
5.896,1.779
6.156,1.859
5.925,1.75
6.175,1.827
5.947,1.721
6.189,1.791
5.986,1.696
6.231,1.765
6.029,1.674
6.277,1.742
6.074,1.65
6.317,1.716
6.358,1.69
6.4,1.663
6.462,1.642
14.339,2.11
14.255,2.187
12.695,2.0
14.121,2.255
12.563,2.057
13.805,2.29
12.46,2.119
13.666,2.352
11.285,1.965
12.307,2.168
11.161,2.01
12.119,2.209
11.075,2.065
11.827,2.225
10.104,1.922
10.918,2.101
11.797,2.295
10.741,2.131
11.626,2.331
10.581,2.161
10.398,2.185
10.33,2.234
10.18,2.261
10.034,2.287
10.655,1.905
10.427,1.914
10.211,1.922
10.547,2.309
10.555,2.239
10.522,2.161
10.625,2.114
11.479,2.293
10.676,2.055
11.411,2.202
10.689,1.986
11.593,2.163
12.591,2.357
10.74,1.928
11.647,2.096
12.595,2.272
11.724,2.034
12.718,2.212
11.77,1.966
12.879,2.157
13.006,2.095
13.036,2.016
14.407,2.109
14.366,2.198
12.898,2.032
14.307,2.285
12.922,2.121
14.12,2.346
11.662,1.964
12.816,2.185
11.646,2.037
12.626,2.234
10.683,1.915
11.575,2.101
12.603,2.314
10.623,1.973
11.473,2.156
10.598,2.038
11.295,2.192
10.483,2.082
11.296,2.266
10.392,2.131
11.185,2.316
10.238,2.163
10.208,2.222
10.112,2.266
12.368,2.318
12.186,2.204
12.118,2.117
13.118,2.298
10.774,2.332
10.378,2.246
10.275,2.153
10.337,2.1
11.151,2.275
10.334,2.031
11.041,2.176
10.294,1.954
11.121,2.119
12.081,2.311
11.139,2.049
11.978,2.208
13.261,2.142
14.509,2.35
12.987,2.018
14.279,2.224
14.065,2.107
10.915,2.299
10.791,2.2
10.793,2.131
11.651,2.31
10.736,2.05
11.476,2.196
10.647,1.962
11.501,2.128
12.561,2.334
10.211,2.295
10.223,2.229
10.196,2.154
10.324,2.116
11.106,2.284
10.357,2.055
11.107,2.21
10.42,2.0
11.195,2.154
12.18,2.354
10.419,1.932
11.258,2.094
12.248,2.287
14.069,2.144
12.635,1.981
13.918,2.21
12.577,2.054
13.715,2.267
12.501,2.122
13.728,2.361
11.363,1.979
12.413,2.189
13.608,2.428
11.346,2.048
12.18,2.223
10.387,1.921
11.206,2.094
12.181,2.303
10.32,1.972
11.106,2.147
12.086,2.362
10.252,2.025
10.933,2.18
10.186,2.078
10.9,2.245
10.076,2.118
10.803,2.294
11.864,2.082
12.782,2.248
11.674,1.974
12.72,2.157
14.084,2.399
12.634,2.062
13.787,2.257
13.754,2.163
13.563,2.045
14.975,2.168
13.461,2.005
13.217,2.043
13.006,2.084
12.734,2.112
11.44,1.936
12.442,2.131
11.242,1.964
12.244,2.164
11.027,1.985
11.976,2.182
10.884,2.019
11.683,2.189
10.679,2.037
11.381,2.191
10.455,2.048
11.204,2.216
10.254,2.061
11.007,2.235
10.077,2.077
10.784,2.246
10.558,2.25
10.356,2.258
10.137,2.26
10.933,2.023
11.76,2.18
10.867,1.937
11.8,2.11
12.92,2.32
11.872,2.046
12.851,2.22
11.842,1.963
12.946,2.151
14.285,2.382
13.032,2.079
14.192,2.269
14.339,2.199
14.522,2.133
13.609,2.064
14.992,2.302
13.485,2.129
14.819,2.369
12.063,1.952
13.224,2.168
14.652,2.433
11.922,2.002
13.008,2.211
11.818,2.055
12.729,2.237
10.714,1.904
11.598,2.086
12.67,2.306
10.566,1.942
11.473,2.132
12.487,2.348
10.457,1.984
11.286,2.164
10.325,2.019
11.006,2.172
10.166,2.046
10.93,2.222
10.007,2.072
10.749,2.247
10.487,1.964
11.333,2.131
12.328,2.329
11.296,2.049
12.154,2.212
11.204,1.96
12.209,2.142
13.391,2.36
12.216,2.063
13.191,2.233
12.095,1.963
13.231,2.153
14.736,2.409
13.237,2.068
14.566,2.281
14.621,2.192
10.245,1.92
11.037,2.073
11.965,2.255
11.153,2.023
12.009,2.184
11.173,1.956
12.157,2.133
12.287,2.077
12.354,2.011
14.594,2.303
14.363,2.184
13.979,2.046
11.949,2.277
13.066,2.005
12.82,2.039
12.619,2.075
12.325,2.093
11.109,1.925
12.042,2.109
10.898,1.945
11.786,2.126
10.693,1.963
11.585,2.152
10.523,1.986
11.321,2.159
10.353,2.007
11.049,2.163
10.151,2.019
10.78,2.162
10.57,2.173
10.414,2.193
10.208,2.199
10.737,2.265
10.664,2.176
10.717,2.116
11.611,2.302
14.794,2.205
14.919,2.319
13.348,2.39
12.989,2.242
12.854,2.139
14.245,2.382
12.66,2.03
13.883,2.232
13.761,2.125
14.975,2.226
10.391,2.024
11.09,2.166
10.34,1.947
11.113,2.099
12.088,2.293
11.124,2.03
11.968,2.189
11.045,1.941
11.967,2.11
13.112,2.322
11.975,2.033
13.016,2.215
11.913,1.944
13.031,2.131
14.409,2.366
12.993,2.039
14.31,2.253
14.448,2.179
10.581,2.28
10.639,2.221
10.607,2.143
11.523,2.34
13.96,2.066
14.115,2.182
12.844,2.044
14.078,2.27
12.914,2.141
14.248,2.394
12.92,2.228
13.087,2.349
12.225,1.98
11.967,2.002
11.756,2.029
11.525,2.046
11.264,2.058
10.38,2.108
11.232,2.291
10.393,2.041
11.166,2.201
10.455,1.986
11.25,2.144
12.257,2.347
10.43,1.914
11.272,2.074
12.209,2.254
11.303,2.006
12.249,2.18
11.32,1.934
12.33,2.114
13.497,2.321
12.412,2.047
13.551,2.241
12.428,1.968
13.654,2.167
13.775,2.097
10.965,2.308
10.285,2.263
10.238,2.184
10.182,2.104
10.972,2.276
10.151,2.031
10.832,2.173
10.116,1.957
10.881,2.113
11.791,2.298
10.077,1.885
10.854,2.036
11.648,2.191
10.794,1.953
11.687,2.121
12.769,2.326
11.728,2.053
12.647,2.219
11.652,1.961
12.675,2.139
14.021,2.377
12.708,2.06
13.899,2.26
12.675,1.972
13.95,2.176
13.961,2.086
14.507,2.464
14.007,2.292
13.833,2.184
13.519,2.054
14.907,2.271
14.635,2.144
10.349,2.027
11.056,2.185
10.22,2.064
11.045,2.254
10.108,2.102
10.883,2.287
10.732,2.321
11.511,2.335
11.367,2.229
11.308,2.146
12.268,2.338
11.201,2.052
12.042,2.212
11.119,1.965
12.027,2.132
13.211,2.354
11.986,2.048
13.041,2.236
11.857,1.948
12.991,2.141
14.152,2.338
12.871,2.038
14.218,2.258
14.11,2.147
11.164,1.986
10.952,2.004
10.743,2.017
10.504,2.023
10.267,2.025
10.054,2.03
10.152,2.279
10.159,2.212
13.918,2.063
14.141,2.189
14.185,2.288
14.426,2.424
14.886,2.117
16.541,2.258
16.186,2.311
15.879,2.367
15.864,2.466
19.154,2.4
17.15,2.21
19.475,2.549
18.291,2.316
18.358,2.441
16.57,2.278
18.797,2.624
15.108,2.321
18.713,2.326
18.537,2.424
16.299,2.207
18.209,2.498
16.221,2.302
15.991,2.373
16.094,2.498
16.669,2.31
15.215,2.174
16.925,2.454
15.428,2.304
15.747,2.454
16.406,2.247
18.215,2.498
17.798,2.353
19.421,2.473
18.686,2.282
18.027,2.239
18.126,2.371
15.995,2.164
17.991,2.471
16.061,2.513
15.534,2.331
15.454,2.226
17.354,2.507
16.927,2.337
19.373,2.684
16.545,2.18
18.765,2.477
18.669,2.348
19.889,2.672
18.734,2.434
15.894,2.142
17.788,2.432
15.869,2.243
17.896,2.567
15.692,2.32
15.574,2.404
15.225,2.401
15.013,2.269
16.974,2.577
16.521,2.394
16.548,2.291
18.957,2.632
18.495,2.443
18.511,2.325
19.499,2.445
19.959,2.444
17.57,2.223
15.615,2.207
15.278,2.253
16.238,2.441
16.182,2.323
16.359,2.24
17.859,2.235
18.425,2.417
16.788,2.268
19.055,2.614
17.017,2.399
17.612,2.593
18.663,2.489
18.072,2.332
19.651,2.45
19.981,2.438
17.44,2.206
19.903,2.558
15.938,2.432
15.517,2.277
17.618,2.595
15.146,2.134
16.955,2.396
16.729,2.267
18.662,2.531
18.402,2.386
19.944,2.35
19.242,2.452
17.428,2.225
19.781,2.567
17.787,2.385
16.106,2.229
18.221,2.561
16.255,2.353
16.579,2.508
15.049,2.329
16.884,2.519
16.457,2.35
16.275,2.221
18.178,2.482
18.184,2.368
19.951,2.341
15.797,2.384
15.982,2.307
16.101,2.22
19.805,2.458
17.512,2.24
17.957,2.405
16.423,2.265
18.558,2.601
16.613,2.392
17.191,2.585
18.176,2.481
17.72,2.34
19.2,2.452
18.26,2.244
19.185,2.328
19.458,2.488
17.202,2.278
19.652,2.643
17.249,2.398
15.57,2.236
17.479,2.546
15.56,2.335
15.735,2.468
19.459,2.326
15.851,2.38
15.569,2.258
17.535,2.553
15.077,2.105
16.79,2.351
16.281,2.191
18.438,2.487
18.085,2.342
19.82,2.46
15.438,2.414
15.517,2.324
15.587,2.23
19.219,2.432
17.151,2.238
19.562,2.594
17.559,2.398
16.056,2.257
18.137,2.589
16.233,2.381
16.743,2.564
18.349,2.583
17.469,2.375
16.814,2.207
19.003,2.501
18.309,2.321
15.329,2.429
16.875,2.583
16.298,2.393
16.148,2.275
18.093,2.557
17.6,2.378
17.172,2.213
19.62,2.535
19.245,2.368
15.894,2.533
15.561,2.373
15.585,2.272
17.635,2.582
15.476,2.154
17.361,2.419
17.432,2.313
18.359,2.245
18.795,2.417
16.7,2.221
18.889,2.551
16.917,2.358
15.384,2.213
17.21,2.513
15.448,2.322
15.715,2.468
15.624,2.388
15.292,2.256
17.26,2.556
16.614,2.367
16.1,2.205
18.145,2.491
17.746,2.339
19.61,2.479
18.85,2.275
23.536,2.646
20.632,2.393
24.597,2.905
21.312,2.592
22.445,2.862
20.095,2.395
22.889,2.73
22.341,2.571
24.835,2.752
23.651,2.634
23.467,2.76
20.709,2.528
21.144,2.721
20.034,2.474
21.174,2.73
20.465,2.713
21.419,2.62
20.846,2.441
24.074,2.82
23.532,2.633
20.777,2.487
20.542,2.592
21.032,2.647
20.991,2.509
21.881,2.854
23.492,2.671
20.977,2.454
24.98,2.975
21.573,2.634
20.31,2.657
23.189,2.637
23.942,2.554
21.923,2.457
22.463,2.656
23.359,2.911
20.058,2.58
23.483,2.467
22.05,2.475
23.211,2.716
20.431,2.6
20.294,2.62
22.934,2.869
21.483,2.586
20.475,2.369
23.812,2.76
22.942,2.552
22.262,2.47
22.782,2.677
23.311,2.895
21.242,2.762
20.467,2.535
23.064,2.721
22.686,2.537
20.744,2.462
24.515,2.962
21.287,2.64
20.006,2.661
22.002,2.704
21.202,2.534
24.679,2.954
22.978,2.663
21.631,2.429
23.898,2.596
20.858,2.724
20.362,2.524
22.054,2.65
23.053,2.912
20.054,2.607
20.138,2.667
22.373,2.866
21.131,2.604
20.207,2.393
23.278,2.759
22.49,2.558
22.028,2.716
23.966,2.568
21.933,2.788
20.549,2.534
22.516,2.696
21.358,2.477
24.777,2.877
23.938,2.689
24.645,2.572
24.03,2.594
24.579,2.806
20.288,2.63
23.251,2.895
22.199,2.635
21.291,2.405
24.078,2.585
24.841,2.615
23.379,2.638
20.608,2.385
24.083,2.836
21.662,2.615
22.858,2.878
24.893,2.775
23.005,2.501
24.226,2.732
21.111,2.463
24.966,2.966
21.578,2.646
20.914,2.657
20.309,2.483
23.735,2.909
22.385,2.63
21.136,2.375
23.831,2.563
22.041,2.713
21.901,2.561
24.973,2.673
24.229,2.754
21.022,2.481
24.845,2.983
21.193,2.634
20.251,2.675
23.04,2.922
21.882,2.645
21.121,2.431
24.888,2.869
23.81,2.604
26.038,2.99
25.879,2.672
26.815,2.916
26.546,3.062
27.752,2.953
26.204,2.669
29.611,2.88
28.163,3.156
26.573,2.83
28.481,2.907
26.127,2.846
29.084,3.045
26.75,2.744
29.367,2.951
29.927,3.063
25.904,2.733
26.462,2.924
27.975,3.19
25.749,2.841
28.514,3.045
27.26,2.813
25.537,2.757
26.314,3.004
27.533,2.828
28.282,3.028
25.014,2.743
26.643,3.049
26.668,2.968
25.964,2.767
29.672,3.019
25.483,2.865
28.154,3.061
27.264,2.862
29.854,2.999
25.615,2.64
27.385,3.048
25.849,2.815
26.719,3.045
25.48,2.776
29.101,3.026
28.381,2.84
26.815,2.851
28.428,3.142
28.339,2.947
28.831,3.146
28.683,3.228
26.5,2.874
27.916,2.802
25.062,2.836
28.811,2.952
26.558,2.923
26.458,3.02
27.691,3.015
25.275,2.678
28.597,2.95
29.403,2.855
25.197,2.839
28.846,3.108
27.035,2.771
26.692,2.685
28.545,2.99
26.918,3.0
30.442,3.036
32.003,3.369
30.382,3.375
31.71,3.232
32.908,3.279
30.229,3.219
32.295,3.451
31.825,3.265
30.46,3.062
34.241,3.364
30.463,2.916
33.238,3.276
30.062,3.133
33.883,3.676
32.781,3.086
32.227,3.465
31.265,3.111
31.27,3.129
32.313,3.216
31.417,3.353
31.141,3.149
31.819,3.343
31.501,3.436
30.894,3.371
33.078,3.242
30.75,3.203
33.37,3.619
30.537,2.913
32.964,3.315
30.446,3.184
31.835,3.06
31.507,2.996
33.992,3.391
30.874,3.313
31.091,3.301
32.164,3.223
33.925,3.189
30.997,3.05
33.855,3.476
31.192,3.406
31.582,3.055
35.283,3.423
35.45,3.467
35.24,3.543
35.474,3.49
