4.983,2.018
4.725,2.007
4.205,1.933
4.222,1.92
4.219,1.902
4.229,1.886
4.234,1.871
4.395,1.951
4.236,1.857
4.401,1.938
4.243,1.845
4.396,1.921
4.553,2.0
4.256,1.836
4.403,1.91
4.556,1.988
4.242,1.819
4.406,1.9
4.561,1.977
4.23,1.804
4.403,1.887
4.557,1.964
4.231,1.793
4.404,1.877
4.558,1.955
4.262,1.793
4.396,1.865
4.55,1.944
4.712,2.025
4.267,1.788
4.4,1.859
4.551,1.936
4.707,2.016
4.265,1.781
4.395,1.849
4.543,1.927
4.703,2.009
4.26,1.773
4.391,1.845
4.543,1.923
4.695,2.0
4.258,1.768
4.382,1.836
4.532,1.915
4.691,1.996
4.251,1.762
4.372,1.831
4.523,1.909
4.683,1.992
4.243,1.758
4.368,1.827
4.517,1.906
4.675,1.988
4.244,1.757
4.359,1.825
4.509,1.904
4.66,1.983
4.231,1.753
4.355,1.824
4.502,1.903
4.657,1.984
4.225,1.752
4.347,1.823
4.496,1.902
4.645,1.984
4.213,1.751
4.319,1.817
4.486,1.904
4.636,1.984
4.208,1.754
4.327,1.824
4.474,1.903
4.623,1.986
4.195,1.755
4.314,1.825
4.459,1.905
4.614,1.991
4.185,1.759
4.303,1.829
4.451,1.909
4.595,1.991
4.178,1.763
4.275,1.827
4.434,1.913
4.581,1.996
4.166,1.768
4.277,1.837
4.426,1.921
4.156,1.774
4.265,1.844
4.409,1.926
4.14,1.779
4.238,1.846
4.401,1.935
4.12,1.784
4.243,1.86
4.383,1.942
4.085,1.785
4.229,1.868
4.365,1.949
4.08,1.797
4.208,1.875
4.348,1.959
4.053,1.803
4.186,1.883
4.039,1.814
4.188,1.9
4.021,1.824
4.009,1.837
3.993,1.85
3.982,1.866
4.847,2.026
4.871,2.001
4.89,1.977
4.921,1.955
4.933,1.929
4.951,1.905
4.972,1.883
4.991,1.861
4.999,1.813
4.988,1.797
4.957,1.813
4.791,1.751
4.958,1.838
4.768,1.769
4.933,1.857
4.744,1.788
4.915,1.878
4.897,1.901
4.712,1.832
4.881,1.924
4.689,1.854
4.855,1.947
4.665,1.876
4.839,1.971
4.646,1.901
4.817,1.995
4.626,1.924
4.798,2.022
4.605,1.95
4.591,1.976
4.98,2.025
4.298,1.921
4.316,1.908
4.324,1.892
4.469,1.963
4.327,1.874
4.478,1.949
4.332,1.859
4.486,1.933
4.335,1.844
4.488,1.919
4.648,1.998
4.346,1.833
4.489,1.905
4.647,1.983
4.346,1.818
4.495,1.893
4.652,1.969
4.319,1.797
4.491,1.878
4.655,1.957
4.34,1.792
4.496,1.869
4.655,1.947
4.815,2.025
4.36,1.788
4.489,1.856
4.654,1.935
4.816,2.014
4.36,1.778
4.489,1.846
4.653,1.925
4.806,2.002
4.336,1.762
4.493,1.839
4.649,1.916
4.805,1.993
4.329,1.754
4.486,1.83
4.646,1.909
4.8,1.985
4.481,1.823
4.643,1.902
4.798,1.98
4.47,1.816
4.64,1.897
4.788,1.973
4.455,1.808
4.627,1.891
4.785,1.97
4.441,1.801
4.62,1.886
4.769,1.964
4.443,1.801
4.61,1.883
4.767,1.963
4.43,1.797
4.603,1.881
4.756,1.961
4.421,1.796
4.594,1.881
4.749,1.962
4.413,1.797
4.583,1.882
4.732,1.96
4.402,1.796
4.568,1.882
4.723,1.963
4.39,1.8
4.557,1.884
4.707,1.964
4.373,1.801
4.543,1.887
4.699,1.97
4.384,1.811
4.532,1.893
4.686,1.975
4.224,1.737
4.378,1.818
4.523,1.899
4.679,1.984
4.247,1.752
4.368,1.825
4.509,1.905
4.658,1.988
4.233,1.76
4.354,1.832
4.499,1.914
4.644,1.996
4.219,1.766
4.34,1.84
4.482,1.921
4.208,1.776
4.326,1.849
4.473,1.932
4.192,1.784
4.312,1.859
4.456,1.942
4.145,1.783
4.298,1.869
4.438,1.953
4.116,1.791
4.284,1.882
4.422,1.964
4.135,1.813
4.263,1.893
4.102,1.82
4.249,1.906
4.101,1.838
4.232,1.919
4.064,1.844
4.207,1.931
4.055,1.86
4.036,1.875
4.042,1.9
4.996,1.73
4.976,1.749
4.966,1.771
4.939,1.788
4.881,1.8
4.871,1.823
4.856,1.847
4.839,1.872
4.818,1.895
4.796,1.919
4.972,2.015
4.778,1.944
4.756,1.97
4.732,1.994
4.709,2.021
4.926,2.016
4.366,1.947
4.371,1.926
4.521,2.0
4.366,1.902
4.537,1.983
4.387,1.888
4.543,1.964
4.387,1.869
4.553,1.947
4.716,2.024
4.406,1.856
4.559,1.931
4.719,2.006
4.41,1.839
4.571,1.915
4.728,1.991
4.417,1.825
4.571,1.898
4.729,1.974
4.407,1.805
4.571,1.883
4.73,1.959
4.408,1.791
4.576,1.869
4.742,1.946
4.914,2.028
4.417,1.78
4.577,1.855
4.742,1.933
4.919,2.015
4.332,1.741
4.582,1.845
4.742,1.92
4.917,2.0
4.582,1.833
4.741,1.909
4.916,1.99
4.587,1.824
4.74,1.898
4.918,1.979
4.571,1.811
4.738,1.888
4.913,1.971
4.57,1.802
4.733,1.88
4.901,1.96
4.562,1.793
4.729,1.873
4.897,1.951
4.453,1.756
4.727,1.866
4.894,1.946
4.716,1.859
4.89,1.942
4.713,1.856
4.885,1.938
4.703,1.853
4.872,1.934
4.695,1.849
4.862,1.932
4.687,1.849
4.851,1.93
4.677,1.849
4.839,1.93
4.669,1.85
4.825,1.93
4.658,1.853
4.819,1.934
4.651,1.857
4.803,1.937
4.986,2.027
4.476,1.777
4.628,1.858
4.791,1.943
4.501,1.794
4.62,1.866
4.777,1.948
4.442,1.786
4.604,1.871
4.76,1.953
4.593,1.878
4.744,1.961
4.407,1.798
4.579,1.886
4.732,1.971
4.415,1.813
4.563,1.895
4.712,1.979
4.25,1.741
4.403,1.824
4.553,1.907
4.707,1.993
4.264,1.759
4.381,1.832
4.531,1.915
4.685,2.003
4.255,1.771
4.371,1.845
4.518,1.929
4.673,2.017
4.236,1.782
4.362,1.86
4.505,1.944
4.19,1.785
4.345,1.872
4.489,1.957
4.165,1.796
4.327,1.884
4.172,1.817
4.311,1.901
4.135,1.824
4.293,1.914
4.123,1.841
4.278,1.932
4.103,1.857
4.089,1.874
4.081,1.895
4.981,1.862
4.959,1.886
4.933,1.909
4.918,1.936
4.889,1.959
4.863,1.984
4.847,2.013
4.43,1.948
4.438,1.927
4.458,1.911
4.622,1.988
4.465,1.892
4.627,1.968
4.465,1.87
4.64,1.951
4.807,2.027
4.484,1.856
4.644,1.93
4.811,2.006
4.492,1.839
4.656,1.914
4.822,1.99
4.499,1.822
4.668,1.898
4.83,1.975
4.666,1.88
4.839,1.959
4.498,1.787
4.67,1.865
4.848,1.944
4.673,1.85
4.851,1.93
4.682,1.838
4.846,1.913
4.679,1.824
4.847,1.901
4.847,1.888
4.67,1.797
4.853,1.88
4.682,1.791
4.848,1.868
4.678,1.782
4.841,1.857
4.841,1.85
4.831,1.842
4.823,1.836
4.824,1.833
4.817,1.83
4.998,1.913
4.804,1.825
4.985,1.909
4.797,1.824
4.975,1.908
4.784,1.822
4.958,1.906
4.778,1.825
4.944,1.906
4.769,1.827
4.941,1.91
4.752,1.828
4.921,1.911
4.742,1.834
4.912,1.918
4.731,1.839
4.902,1.924
4.713,1.844
4.885,1.929
4.704,1.851
4.871,1.937
4.687,1.86
4.855,1.947
4.514,1.786
4.672,1.87
4.835,1.956
4.488,1.792
4.659,1.88
4.814,1.964
4.485,1.806
4.639,1.89
4.803,1.978
4.474,1.819
4.631,1.904
4.786,1.99
4.343,1.759
4.46,1.832
4.613,1.916
4.763,2.002
4.322,1.771
4.439,1.844
4.592,1.93
4.751,2.019
4.292,1.779
4.428,1.86
4.571,1.944
4.242,1.783
4.411,1.874
4.557,1.96
4.235,1.8
4.396,1.89
4.548,1.979
4.239,1.824
4.378,1.908
4.524,1.994
4.203,1.833
4.362,1.925
4.203,1.857
4.34,1.942
4.165,1.867
4.153,1.887
4.472,1.966
4.482,1.943
4.504,1.925
4.664,2.0
4.513,1.903
4.687,1.983
4.523,1.882
4.695,1.96
4.538,1.865
4.715,1.942
4.887,2.021
4.559,1.848
4.719,1.922
4.904,2.003
4.559,1.826
4.736,1.904
4.913,1.983
4.739,1.886
4.921,1.965
4.748,1.867
4.932,1.948
4.758,1.853
4.937,1.931
4.763,1.837
4.947,1.915
4.772,1.823
4.95,1.9
4.763,1.805
4.952,1.885
4.952,1.872
4.778,1.783
4.95,1.859
4.78,1.772
4.95,1.847
4.773,1.759
4.95,1.838
4.808,1.76
4.948,1.827
4.941,1.817
4.925,1.806
4.923,1.802
4.913,1.796
4.917,1.795
4.921,1.795
4.917,1.794
4.906,1.794
4.898,1.795
4.878,1.794
4.843,1.791
4.832,1.795
4.815,1.799
4.804,1.806
4.995,1.896
4.803,1.817
4.981,1.903
4.792,1.826
4.965,1.912
4.776,1.834
4.945,1.921
4.761,1.845
4.929,1.932
4.743,1.856
4.914,1.945
4.724,1.867
4.899,1.958
4.558,1.8
4.709,1.882
4.883,1.971
4.691,1.895
4.86,1.985
4.523,1.826
4.676,1.91
4.84,2.001
4.497,1.838
4.657,1.926
4.826,2.019
9.989,1.961
9.908,2.005
9.149,1.887
9.745,2.029
9.034,1.916
9.61,2.057
8.936,1.947
9.487,2.086
8.836,1.977
9.345,2.109
5.238,2.058
5.171,2.047
5.042,2.027
9.982,1.922
9.78,1.926
8.644,2.158
8.594,2.088
8.64,2.043
9.164,2.174
8.63,1.982
9.13,2.103
8.638,1.928
9.164,2.052
9.812,2.205
8.651,1.873
9.184,1.996
9.756,2.125
9.202,1.938
9.827,2.077
9.229,1.885
9.861,2.02
9.889,1.961
9.918,1.903
6.412,2.091
6.415,2.048
6.439,2.013
6.722,2.106
6.452,1.974
6.731,2.063
6.468,1.936
6.744,2.021
7.073,2.126
6.494,1.902
6.773,1.987
7.098,2.088
6.52,1.868
6.783,1.944
7.101,2.041
6.53,1.827
6.821,1.911
7.144,2.007
7.502,2.111
6.555,1.792
6.845,1.874
7.169,1.967
7.487,2.055
6.579,1.756
6.879,1.839
7.21,1.932
7.564,2.031
7.974,2.147
6.612,1.725
6.911,1.804
7.27,1.903
7.611,1.994
7.973,2.093
6.642,1.69
6.943,1.769
7.278,1.857
7.658,1.959
8.045,2.062
8.504,2.185
6.974,1.734
7.313,1.821
7.697,1.921
8.117,2.029
8.563,2.146
7.35,1.783
7.731,1.879
8.17,1.991
8.565,2.09
7.397,1.749
7.78,1.843
8.228,1.954
8.678,2.064
7.445,1.715
7.834,1.807
8.274,1.912
8.755,2.028
7.887,1.772
8.336,1.875
8.814,1.987
8.401,1.838
8.908,1.955
8.468,1.804
8.966,1.911
9.056,1.875
9.151,1.842
5.135,2.012
5.159,1.988
5.181,1.966
5.393,2.052
5.197,1.944
5.417,2.03
5.004,1.84
5.214,1.922
5.439,2.008
5.669,2.097
5.221,1.897
5.444,1.983
5.676,2.072
5.046,1.8
5.234,1.875
5.449,1.959
5.684,2.047
5.061,1.782
5.254,1.858
5.466,1.939
5.711,2.03
5.069,1.761
5.238,1.83
5.485,1.921
5.714,2.007
5.085,1.743
5.262,1.814
5.495,1.9
5.73,1.988
5.994,2.082
5.093,1.724
5.285,1.8
5.493,1.879
5.735,1.968
5.999,2.062
5.1,1.707
5.292,1.782
5.507,1.863
5.743,1.95
6.008,2.045
5.108,1.691
5.293,1.765
5.489,1.841
5.742,1.931
6.011,2.027
5.094,1.671
5.302,1.749
5.498,1.825
5.753,1.917
6.019,2.012
5.111,1.66
5.302,1.734
5.517,1.815
5.756,1.902
6.021,1.996
6.302,2.095
5.102,1.643
5.314,1.723
5.522,1.803
5.759,1.888
6.012,1.979
6.31,2.082
5.312,1.709
5.523,1.79
5.753,1.874
6.018,1.968
6.305,2.069
5.314,1.698
5.518,1.776
5.742,1.86
6.019,1.957
6.301,2.057
5.31,1.688
5.511,1.765
5.726,1.846
6.011,1.947
6.296,2.047
5.311,1.679
5.517,1.758
5.718,1.837
6.003,1.937
6.291,2.038
5.315,1.673
5.509,1.749
5.732,1.833
6.005,1.929
6.279,2.029
5.3,1.663
5.5,1.742
5.711,1.825
5.991,1.923
6.271,2.023
5.283,1.655
5.496,1.738
5.71,1.821
5.981,1.917
6.258,2.018
5.281,1.653
5.487,1.732
5.699,1.817
5.968,1.912
6.25,2.015
5.267,1.649
5.481,1.731
5.697,1.816
5.964,1.913
6.234,2.012
5.259,1.646
5.469,1.729
5.684,1.814
5.946,1.911
6.227,2.014
5.242,1.645
5.46,1.728
5.673,1.813
5.936,1.912
6.218,2.015
5.239,1.648
5.447,1.73
5.655,1.815
5.918,1.913
6.193,2.017
5.227,1.649
5.436,1.733
5.636,1.816
5.909,1.919
6.171,2.019
5.212,1.652
5.423,1.737
5.624,1.821
5.885,1.921
6.149,2.023
5.206,1.657
5.412,1.742
5.602,1.826
5.864,1.927
6.137,2.031
5.197,1.665
5.39,1.748
5.591,1.833
5.839,1.932
6.115,2.038
5.173,1.671
5.375,1.755
5.559,1.838
5.839,1.946
6.096,2.048
5.155,1.678
5.365,1.765
5.55,1.849
5.811,1.954
6.081,2.062
5.149,1.689
5.341,1.774
5.549,1.865
5.797,1.965
6.052,2.07
5.128,1.698
5.319,1.784
5.522,1.874
5.768,1.976
6.03,2.084
5.112,1.71
5.306,1.797
5.506,1.887
5.75,1.992
5.999,2.097
5.086,1.72
5.28,1.809
5.49,1.903
5.722,2.003
5.076,1.735
5.238,1.817
5.469,1.918
5.698,2.02
5.061,1.752
5.231,1.836
5.454,1.934
5.673,2.035
5.038,1.766
5.227,1.857
5.439,1.955
5.661,2.056
5.017,1.783
5.207,1.874
5.415,1.972
5.187,1.893
5.387,1.989
5.17,1.913
5.369,2.011
5.144,1.931
5.342,2.031
5.123,1.953
5.332,2.056
5.103,1.975
5.085,1.998
5.062,2.022
6.465,2.09
6.489,2.061
6.522,2.035
6.545,2.006
6.899,2.116
6.569,1.979
6.915,2.087
6.589,1.952
6.938,2.06
6.612,1.928
6.964,2.034
6.628,1.903
6.984,2.011
7.374,2.126
6.609,1.871
6.996,1.985
7.396,2.102
6.646,1.854
7.018,1.963
7.408,2.078
6.673,1.837
7.028,1.941
7.421,2.055
6.685,1.816
7.036,1.92
7.427,2.032
7.873,2.158
6.684,1.795
7.019,1.895
7.43,2.011
7.877,2.136
6.692,1.777
7.016,1.874
7.452,1.995
7.891,2.118
6.701,1.761
7.45,1.977
7.9,2.102
6.699,1.745
7.058,1.849
7.441,1.959
7.887,2.084
6.711,1.734
7.06,1.836
7.454,1.948
7.878,2.067
6.718,1.723
7.056,1.822
7.448,1.935
7.888,2.058
8.391,2.195
6.717,1.711
7.048,1.812
7.434,1.922
7.883,2.046
8.391,2.185
6.711,1.702
7.046,1.803
7.405,1.909
7.867,2.036
8.372,2.174
6.695,1.692
7.031,1.795
7.378,1.899
7.87,2.032
8.356,2.167
6.688,1.686
7.019,1.788
7.372,1.894
7.842,2.024
8.34,2.161
6.682,1.684
7.0,1.782
7.358,1.889
7.823,2.019
8.322,2.157
6.671,1.681
6.994,1.78
7.341,1.887
7.802,2.016
8.29,2.154
6.649,1.677
6.977,1.778
7.324,1.886
7.785,2.016
8.281,2.157
6.639,1.678
6.961,1.779
7.293,1.885
7.759,2.017
8.25,2.158
6.618,1.678
6.943,1.783
7.283,1.889
7.737,2.022
8.221,2.162
6.595,1.681
6.93,1.787
7.262,1.894
7.705,2.026
8.189,2.167
6.573,1.687
6.898,1.79
7.245,1.901
7.676,2.031
6.564,1.695
6.877,1.799
7.24,1.915
7.651,2.042
6.555,1.705
6.86,1.808
7.221,1.924
7.636,2.055
6.526,1.714
6.834,1.82
7.195,1.937
7.605,2.067
6.482,1.722
6.806,1.831
7.163,1.949
7.565,2.08
6.458,1.734
6.769,1.842
7.132,1.964
7.515,2.093
6.435,1.749
6.738,1.856
7.101,1.98
7.492,2.111
6.41,1.763
6.689,1.869
7.077,1.997
7.451,2.129
6.384,1.781
6.666,1.888
7.033,2.015
6.359,1.8
6.657,1.911
6.996,2.033
6.329,1.819
6.631,1.933
6.972,2.057
6.3,1.838
6.615,1.958
6.94,2.081
6.249,1.856
6.573,1.978
6.898,2.104
6.248,1.885
6.535,2.0
6.869,2.129
6.219,1.91
6.508,2.027
6.189,1.934
6.473,2.053
6.157,1.96
6.445,2.081
6.133,1.988
6.097,2.015
6.071,2.044
6.044,2.074
5.175,2.005
5.205,1.986
5.384,2.054
5.393,2.023
5.411,1.995
5.435,1.971
5.643,2.046
5.451,1.942
5.651,2.014
5.47,1.915
5.684,1.99
5.706,1.962
5.725,1.933
5.753,1.908
5.777,1.88
5.826,1.861
5.829,1.824
5.857,1.798
8.809,1.853
9.399,1.996
9.995,2.141
8.659,1.863
9.218,2.002
9.777,2.141
8.515,1.874
9.04,2.007
9.594,2.149
7.927,1.769
8.387,1.887
8.91,2.023
9.472,2.17
7.812,1.781
8.247,1.895
8.75,2.029
9.31,2.178
7.69,1.79
8.109,1.902
8.603,2.036
9.134,2.18
7.572,1.797
7.994,1.913
8.464,2.043
8.974,2.183
7.096,1.705
7.454,1.803
7.857,1.916
8.308,2.042
8.799,2.182
6.994,1.712
7.34,1.808
7.735,1.922
8.152,2.039
8.651,2.184
6.885,1.715
7.227,1.812
7.606,1.922
8.01,2.04
8.488,2.18
6.794,1.722
7.118,1.817
7.486,1.924
7.882,2.041
8.342,2.178
6.689,1.724
7.006,1.818
7.365,1.925
7.744,2.039
8.19,2.173
6.596,1.729
6.902,1.82
7.244,1.925
7.607,2.033
6.504,1.731
6.8,1.821
7.122,1.92
7.48,2.031
7.899,2.162
6.374,1.722
6.696,1.82
7.013,1.921
7.353,2.026
7.758,2.155
6.308,1.729
6.58,1.814
6.9,1.916
7.232,2.021
7.623,2.148
5.767,1.933
5.981,2.012
5.675,1.916
5.911,2.005
5.603,1.905
5.824,1.989
5.518,1.888
5.742,1.973
5.653,1.954
5.58,1.94
5.502,1.923
9.744,2.231
9.64,2.141
9.708,2.094
9.672,2.022
9.647,1.952
9.629,1.886
7.376,2.102
7.36,2.047
5.675,1.901
5.889,1.973
6.147,2.063
5.69,1.868
5.911,1.942
6.136,2.017
5.71,1.838
5.929,1.91
6.168,1.988
6.441,2.079
5.722,1.805
5.958,1.881
6.195,1.957
6.433,2.032
5.729,1.769
5.99,1.853
6.226,1.928
6.486,2.009
6.782,2.103
5.994,1.814
6.252,1.896
6.519,1.979
6.815,2.072
6.02,1.784
6.298,1.87
6.549,1.945
6.832,2.032
6.055,1.757
6.353,1.849
6.584,1.915
6.883,2.004
6.071,1.724
6.376,1.815
6.644,1.893
6.927,1.975
6.109,1.698
6.409,1.785
6.657,1.853
6.976,1.945
6.145,1.671
6.439,1.753
6.701,1.824
7.027,1.916
6.192,1.646
6.482,1.725
6.739,1.792
7.063,1.881
6.523,1.697
6.838,1.78
7.127,1.855
6.56,1.667
6.873,1.747
7.178,1.826
6.916,1.717
7.228,1.794
6.966,1.689
7.276,1.764
5.024,2.027
5.042,1.999
5.072,1.977
5.277,2.062
5.092,1.952
5.302,2.037
5.113,1.929
5.326,2.014
5.137,1.908
5.345,1.99
5.152,1.883
5.37,1.967
5.596,2.055
5.175,1.863
5.379,1.942
5.615,2.03
5.178,1.837
5.402,1.92
5.632,2.007
5.189,1.815
5.418,1.899
5.646,1.984
5.901,2.079
5.238,1.801
5.432,1.878
5.666,1.964
5.922,2.057
5.245,1.781
5.453,1.86
5.681,1.945
5.935,2.035
5.259,1.762
5.436,1.833
5.69,1.923
5.95,2.016
5.257,1.74
5.456,1.817
5.703,1.904
5.954,1.995
6.252,2.097
5.262,1.722
5.476,1.802
5.709,1.885
5.967,1.977
6.258,2.076
5.27,1.704
5.481,1.783
5.716,1.868
5.981,1.961
6.264,2.06
5.276,1.689
5.49,1.768
5.703,1.848
5.983,1.943
6.265,2.041
5.287,1.676
5.491,1.752
5.704,1.831
5.982,1.926
6.263,2.023
6.593,2.133
5.287,1.66
5.494,1.737
5.72,1.82
5.982,1.911
6.274,2.011
6.588,2.116
5.284,1.647
5.486,1.722
5.724,1.808
5.991,1.899
6.27,1.996
6.587,2.103
5.496,1.713
5.722,1.796
5.995,1.89
6.267,1.983
6.589,2.09
5.49,1.701
5.725,1.785
5.979,1.875
6.264,1.973
6.582,2.079
5.499,1.693
5.722,1.775
5.964,1.863
6.259,1.963
6.571,2.068
5.5,1.687
5.72,1.768
5.949,1.852
6.247,1.954
6.555,2.058
5.49,1.678
5.71,1.761
5.937,1.845
6.246,1.949
6.561,2.056
5.488,1.674
5.705,1.756
5.934,1.84
6.232,1.943
6.548,2.049
5.476,1.667
5.695,1.75
5.929,1.837
6.223,1.938
6.527,2.044
5.47,1.666
5.682,1.746
5.915,1.834
6.211,1.937
6.516,2.043
5.452,1.661
5.675,1.745
5.908,1.834
6.197,1.936
6.496,2.04
5.451,1.663
5.663,1.746
5.893,1.832
6.178,1.936
6.478,2.042
5.436,1.662
5.648,1.746
5.876,1.834
6.159,1.937
6.465,2.044
5.428,1.665
5.64,1.749
5.866,1.837
6.145,1.941
6.454,2.05
5.416,1.669
5.625,1.753
5.838,1.839
6.136,1.948
6.428,2.054
5.393,1.671
5.605,1.758
5.815,1.843
6.11,1.952
6.399,2.06
5.385,1.68
5.585,1.763
5.814,1.854
6.092,1.959
6.385,2.069
5.361,1.683
5.57,1.771
5.798,1.862
6.069,1.967
6.359,2.078
5.341,1.692
5.553,1.78
5.796,1.877
6.052,1.978
6.332,2.088
5.319,1.701
5.535,1.791
5.763,1.885
6.023,1.989
5.299,1.71
5.522,1.803
5.75,1.9
5.999,2.001
5.088,1.637
5.282,1.722
5.493,1.813
5.72,1.91
5.971,2.014
5.079,1.651
5.259,1.734
5.459,1.823
5.705,1.927
5.961,2.033
5.077,1.669
5.262,1.754
5.436,1.838
5.673,1.939
5.929,2.047
5.036,1.679
5.242,1.769
5.439,1.859
5.652,1.957
5.904,2.064
5.035,1.697
5.226,1.786
5.416,1.877
5.634,1.975
5.887,2.086
5.016,1.714
5.197,1.802
5.393,1.893
5.607,1.993
5.154,1.814
5.37,1.912
5.589,2.012
5.14,1.835
5.352,1.932
5.571,2.037
5.12,1.855
5.329,1.954
5.538,2.055
5.106,1.877
5.304,1.975
5.075,1.896
5.289,1.998
5.057,1.918
5.255,2.019
5.038,1.943
5.237,2.044
5.021,1.968
5.001,1.991
6.835,2.113
6.861,2.084
6.886,2.055
6.906,2.028
6.933,2.002
7.315,2.116
6.949,1.976
7.338,2.091
6.978,1.954
7.366,2.067
6.99,1.93
7.383,2.044
7.014,1.909
7.405,2.023
7.853,2.148
6.984,1.88
7.414,2.001
7.862,2.126
7.008,1.863
7.421,1.979
7.864,2.103
7.034,1.848
7.428,1.96
7.877,2.085
7.038,1.83
7.429,1.941
7.886,2.067
7.031,1.813
7.422,1.923
7.889,2.051
8.371,2.184
7.051,1.803
7.4,1.905
7.881,2.034
8.376,2.169
7.046,1.788
7.39,1.891
7.874,2.021
8.366,2.155
7.041,1.775
7.389,1.88
7.87,2.009
8.361,2.143
7.038,1.767
7.406,1.874
7.856,1.999
8.349,2.133
7.025,1.758
7.397,1.866
7.843,1.99
8.335,2.124
7.016,1.75
7.392,1.86
7.831,1.985
8.318,2.119
7.002,1.745
7.375,1.856
7.814,1.979
8.3,2.114
6.994,1.744
7.361,1.852
7.811,1.979
8.278,2.111
6.983,1.742
7.335,1.85
7.78,1.977
8.254,2.11
6.96,1.741
7.324,1.851
7.762,1.978
8.242,2.115
6.943,1.742
7.3,1.853
7.738,1.98
8.213,2.118
6.915,1.744
7.277,1.856
7.694,1.981
8.179,2.122
6.891,1.75
7.246,1.861
7.673,1.99
8.148,2.13
6.868,1.755
7.217,1.869
7.644,1.997
8.117,2.138
6.853,1.765
7.174,1.873
7.613,2.006
8.075,2.147
6.816,1.773
7.149,1.884
7.585,2.019
8.044,2.16
6.807,1.788
7.134,1.9
7.554,2.032
6.769,1.798
7.124,1.917
7.513,2.045
6.749,1.815
7.095,1.933
7.482,2.061
6.716,1.83
7.064,1.95
7.455,2.081
6.669,1.844
7.025,1.967
7.409,2.098
6.624,1.859
6.994,1.987
7.37,2.119
6.61,1.882
6.963,2.009
6.601,1.908
6.922,2.03
6.575,1.932
6.893,2.054
6.531,1.953
6.853,2.078
6.502,1.979
6.822,2.104
6.468,2.005
6.79,2.132
6.435,2.032
6.403,2.06
6.369,2.088
8.651,1.9
9.199,2.038
9.833,2.199
8.56,1.929
9.066,2.06
9.677,2.219
8.456,1.953
8.931,2.079
9.543,2.243
8.336,1.971
8.783,2.093
9.389,2.26
8.218,1.988
8.623,2.101
8.114,2.008
8.569,2.138
7.995,2.021
8.446,2.152
7.889,2.037
8.323,2.164
7.778,2.049
8.202,2.176
7.656,2.056
7.509,2.052
7.398,2.059
7.324,2.077
7.228,2.086
7.129,2.093
7.029,2.098
5.51,2.031
5.434,2.023
5.361,2.013
5.281,1.999
5.217,1.991
5.157,1.984
5.338,2.06
5.26,2.044
5.2,2.036
5.129,2.021
5.063,2.009
9.044,1.856
8.857,1.854
8.689,1.851
8.515,1.847
8.338,1.838
8.175,1.833
8.02,1.827
7.483,1.716
7.869,1.82
7.344,1.71
7.723,1.812
7.207,1.701
7.577,1.802
7.432,1.791
6.961,1.689
7.294,1.781
6.848,1.681
7.17,1.772
8.405,2.148
8.356,2.078
8.917,2.227
8.407,2.036
8.913,2.166
8.417,1.983
8.852,2.09
9.507,2.256
8.455,1.938
8.931,2.052
9.51,2.193
8.437,1.876
8.942,1.994
9.455,2.114
8.455,1.826
8.974,1.943
9.567,2.078
8.984,1.886
9.573,2.017
9.636,1.968
9.629,1.903
6.47,1.674
6.759,1.748
7.082,1.835
7.415,1.923
7.794,2.028
8.217,2.142
6.775,1.71
7.119,1.801
7.466,1.891
7.852,1.993
8.211,2.084
6.82,1.678
7.158,1.766
7.504,1.852
7.912,1.959
8.307,2.059
7.207,1.733
7.559,1.818
7.984,1.926
8.378,2.024
7.612,1.785
8.007,1.88
8.454,1.989
7.661,1.751
8.062,1.844
8.505,1.949
8.126,1.81
8.601,1.919
8.669,1.881
8.747,1.845
5.077,2.029
5.066,2.024
5.054,2.02
5.047,2.019
5.038,2.019
5.022,2.018
5.013,2.021
5.004,2.025
5.171,2.021
5.19,1.993
5.219,1.97
5.438,2.057
5.245,1.946
5.468,2.032
5.261,1.921
5.483,2.006
5.735,2.1
5.276,1.897
5.5,1.981
5.76,2.076
5.301,1.874
5.523,1.958
5.776,2.05
5.316,1.851
5.542,1.935
5.79,2.025
5.314,1.823
5.557,1.91
5.819,2.004
5.341,1.805
5.573,1.889
5.829,1.98
6.105,2.077
5.38,1.789
5.594,1.868
5.85,1.959
6.131,2.056
5.379,1.766
5.596,1.846
5.864,1.938
6.142,2.035
5.398,1.748
5.591,1.822
5.867,1.916
6.149,2.012
5.405,1.729
5.618,1.806
5.885,1.899
6.158,1.992
6.458,2.093
5.411,1.711
5.627,1.788
5.89,1.879
6.162,1.972
6.47,2.073
5.416,1.693
5.632,1.771
5.891,1.86
6.168,1.954
6.462,2.053
5.441,1.681
5.643,1.756
5.866,1.838
6.177,1.939
6.475,2.037
5.437,1.664
5.645,1.741
5.881,1.824
6.177,1.923
6.474,2.02
6.816,2.131
5.436,1.65
5.647,1.727
5.911,1.815
6.179,1.908
6.484,2.008
6.82,2.117
5.43,1.636
5.661,1.716
5.902,1.801
6.183,1.894
6.483,1.994
6.818,2.103
5.653,1.704
5.899,1.789
6.176,1.882
6.47,1.981
6.815,2.09
5.644,1.691
5.898,1.779
6.166,1.87
6.466,1.97
6.808,2.081
5.659,1.686
5.892,1.768
6.142,1.857
6.464,1.961
6.801,2.071
5.648,1.677
5.883,1.76
6.132,1.849
6.451,1.954
6.788,2.062
5.649,1.672
5.882,1.754
6.129,1.843
6.446,1.947
6.782,2.057
5.645,1.666
5.876,1.751
6.123,1.839
6.435,1.943
6.761,2.051
5.627,1.661
5.861,1.744
6.123,1.837
6.43,1.941
6.744,2.048
5.616,1.656
5.855,1.743
6.112,1.836
6.412,1.938
6.735,2.047
5.608,1.655
5.837,1.742
6.094,1.833
6.398,1.937
6.717,2.047
5.595,1.655
5.822,1.741
6.068,1.833
6.373,1.937
6.697,2.048
5.59,1.659
5.818,1.744
6.062,1.836
6.365,1.942
6.68,2.051
5.578,1.661
5.796,1.747
6.034,1.837
6.339,1.943
6.656,2.055
5.566,1.666
5.783,1.752
6.011,1.841
6.321,1.95
6.64,2.062
5.55,1.671
5.763,1.757
5.996,1.848
6.305,1.958
6.607,2.068
5.535,1.679
5.747,1.766
5.996,1.86
6.281,1.966
6.587,2.078
5.509,1.684
5.722,1.772
5.98,1.871
6.263,1.977
6.56,2.087
5.476,1.69
5.705,1.782
5.957,1.88
6.243,1.989
6.541,2.101
5.466,1.701
5.682,1.793
5.946,1.894
6.223,2.003
6.517,2.115
5.448,1.714
5.666,1.805
5.921,1.906
6.189,2.014
5.224,1.639
5.419,1.724
5.632,1.816
5.894,1.921
6.169,2.029
5.219,1.654
5.407,1.74
5.604,1.828
5.875,1.936
6.141,2.045
5.186,1.666
5.383,1.754
5.603,1.849
5.85,1.953
6.119,2.063
5.174,1.683
5.37,1.772
5.586,1.867
5.83,1.97
6.097,2.084
5.161,1.701
5.344,1.788
5.561,1.884
5.802,1.989
6.062,2.1
5.13,1.715
5.313,1.805
5.54,1.904
5.773,2.008
5.116,1.735
5.286,1.822
5.517,1.923
5.752,2.029
5.102,1.758
5.281,1.846
5.495,1.946
5.723,2.051
5.082,1.777
5.259,1.867
5.471,1.967
5.697,2.072
5.056,1.797
5.238,1.888
5.445,1.989
5.67,2.096
5.006,1.811
5.218,1.912
5.424,2.014
5.0,1.837
5.195,1.935
5.401,2.038
5.174,1.959
5.375,2.063
5.149,1.983
5.129,2.009
7.12,2.126
7.146,2.098
7.177,2.071
7.196,2.045
7.212,2.018
7.649,2.143
7.235,1.993
7.666,2.115
7.264,1.972
7.687,2.092
7.275,1.949
7.704,2.069
8.175,2.199
7.286,1.927
7.704,2.045
8.205,2.181
7.276,1.902
7.717,2.025
8.209,2.158
7.255,1.878
7.729,2.006
8.212,2.138
7.287,1.866
7.73,1.988
8.209,2.118
7.305,1.853
7.726,1.971
8.218,2.104
7.306,1.839
7.729,1.957
8.211,2.087
7.306,1.826
7.739,1.945
8.202,2.073
7.293,1.814
7.722,1.932
8.2,2.064
5.021,2.025
9.911,2.144
9.868,2.198
9.711,1.882
9.53,1.895
9.369,1.911
9.207,1.924
9.873,2.085
9.051,1.935
9.685,2.092
8.374,1.815
8.915,1.95
9.494,2.097
8.234,1.823
8.747,1.954
9.308,2.099
9.933,2.261
8.099,1.83
8.601,1.962
9.114,2.097
9.741,2.262
7.968,1.837
8.45,1.967
8.919,2.091
9.547,2.262
7.45,1.739
7.843,1.845
8.299,1.969
8.746,2.09
9.367,2.262
7.345,1.748
7.712,1.848
8.158,1.972
8.564,2.085
7.203,1.745
7.59,1.852
8.016,1.973
8.408,2.083
7.086,1.747
7.469,1.855
7.876,1.972
8.252,2.08
7.005,1.758
7.344,1.856
7.751,1.975
8.119,2.081
6.875,1.752
7.239,1.859
7.603,1.966
7.966,2.075
6.769,1.752
7.113,1.857
7.477,1.966
7.813,2.066
6.376,1.667
6.667,1.753
7.005,1.856
7.347,1.96
7.675,2.06
6.281,1.667
6.552,1.748
6.897,1.855
7.222,1.955
7.528,2.049
6.195,1.667
6.454,1.747
6.786,1.85
7.101,1.949
7.409,2.045
6.109,1.667
6.346,1.74
6.682,1.848
6.978,1.942
7.301,2.045
6.011,1.662
6.267,1.743
6.572,1.841
6.87,1.938
7.184,2.038
5.929,1.662
6.165,1.737
6.471,1.837
6.756,1.928
7.056,2.026
6.07,1.732
6.329,1.816
6.637,1.918
6.942,2.018
5.977,1.724
6.245,1.814
6.526,1.907
6.836,2.012
7.162,2.122
5.889,1.719
6.148,1.806
6.446,1.907
6.722,1.999
7.031,2.105
5.814,1.717
6.051,1.797
6.334,1.894
6.603,1.985
6.95,2.106
5.956,1.787
6.235,1.884
6.498,1.974
6.827,2.09
5.871,1.78
6.146,1.877
6.406,1.967
6.715,2.075
5.782,1.77
6.059,1.868
6.3,1.953
6.599,2.058
5.971,1.859
6.201,1.939
6.45,2.027
5.848,1.833
6.107,1.928
6.347,2.012
5.765,1.824
6.016,1.914
6.263,2.004
5.723,1.829
5.925,1.901
6.168,1.989
5.83,1.884
6.078,1.976
5.029,2.026
5.031,2.009
5.035,1.997
5.032,1.983
5.035,1.971
5.234,2.058
5.031,1.959
5.233,2.048
5.03,1.949
5.235,2.039
5.03,1.942
5.228,2.029
5.027,1.934
5.219,2.02
5.017,1.926
5.213,2.012
5.011,1.92
5.209,2.008
5.0,1.914
5.199,2.004
5.189,1.999
5.173,1.995
5.168,1.996
5.15,1.995
5.143,1.997
5.132,2.001
5.114,2.003
5.094,2.006
5.081,2.012
5.069,2.02
5.048,2.027
5.315,2.046
5.34,2.019
5.363,1.994
5.391,1.968
5.63,2.058
5.418,1.944
5.645,2.029
5.435,1.918
5.67,2.005
5.457,1.894
5.699,1.982
5.972,2.078
5.482,1.873
5.714,1.957
5.994,2.054
5.5,1.849
5.739,1.934
6.012,2.031
5.501,1.822
5.754,1.91
6.033,2.006
5.544,1.807
5.775,1.89
6.044,1.982
6.338,2.081
5.561,1.787
5.788,1.867
6.055,1.959
6.352,2.057
5.574,1.766
5.772,1.84
6.08,1.941
6.367,2.037
5.591,1.748
5.783,1.82
6.086,1.92
6.377,2.016
6.709,2.123
5.593,1.728
5.839,1.813
6.1,1.9
6.387,1.996
6.721,2.103
5.608,1.711
5.849,1.795
6.108,1.881
6.395,1.978
6.726,2.082
5.601,1.692
5.857,1.777
6.105,1.863
6.399,1.959
6.729,2.063
5.609,1.676
5.861,1.761
6.087,1.84
6.403,1.942
6.738,2.048
5.616,1.662
5.855,1.744
6.097,1.828
6.412,1.928
6.734,2.031
5.603,1.644
5.852,1.729
6.124,1.819
6.405,1.913
6.736,2.018
7.099,2.13
5.848,1.717
6.121,1.806
6.413,1.902
6.737,2.005
7.097,2.119
5.845,1.704
6.124,1.796
6.409,1.89
6.728,1.992
7.089,2.106
5.846,1.694
6.118,1.787
6.401,1.879
6.724,1.983
7.077,2.095
5.844,1.687
6.111,1.777
6.381,1.868
6.711,1.974
7.074,2.087
5.854,1.683
6.102,1.768
6.353,1.857
6.708,1.968
7.058,2.08
5.845,1.676
6.09,1.761
6.341,1.85
6.701,1.963
7.047,2.075
5.834,1.671
6.088,1.759
6.335,1.848
6.685,1.959
7.032,2.071
5.812,1.665
6.074,1.756
6.346,1.85
6.672,1.956
7.019,2.07
5.804,1.664
6.06,1.754
6.327,1.847
6.656,1.956
7.002,2.069
5.804,1.666
6.044,1.754
6.316,1.85
6.623,1.952
6.985,2.071
5.788,1.666
6.028,1.754
6.281,1.846
6.615,1.957
6.96,2.073
5.771,1.669
6.027,1.761
6.254,1.849
6.596,1.961
6.94,2.078
5.755,1.67
6.007,1.764
6.24,1.853
6.572,1.966
6.91,2.082
5.736,1.676
5.997,1.77
6.232,1.861
6.551,1.972
6.884,2.089
5.708,1.681
5.981,1.779
6.234,1.875
6.527,1.98
6.854,2.096
5.693,1.688
5.96,1.786
6.21,1.883
6.509,1.992
6.831,2.108
5.665,1.696
5.937,1.797
6.193,1.896
6.489,2.005
6.812,2.121
5.646,1.706
5.916,1.807
6.171,1.907
6.459,2.015
6.778,2.133
5.635,1.72
5.891,1.818
6.136,1.917
6.428,2.028
5.395,1.642
5.629,1.736
5.837,1.825
6.115,1.932
6.412,2.045
5.393,1.658
5.606,1.75
5.802,1.837
6.095,1.949
6.38,2.061
5.375,1.674
5.585,1.765
5.802,1.858
6.064,1.964
6.349,2.077
5.345,1.687
5.559,1.78
5.786,1.877
6.041,1.982
6.322,2.097
5.336,1.707
5.535,1.797
5.748,1.891
6.017,2.002
5.309,1.723
5.496,1.811
5.732,1.913
5.993,2.023
5.299,1.743
5.464,1.828
5.709,1.934
5.968,2.044
5.273,1.762
5.463,1.854
5.678,1.954
5.94,2.066
5.243,1.781
5.439,1.875
5.661,1.976
5.912,2.09
5.218,1.803
5.41,1.895
5.635,2.0
5.158,1.813
5.389,1.919
5.613,2.026
5.162,1.844
5.367,1.944
5.584,2.049
5.139,1.868
5.343,1.968
5.118,1.893
5.316,1.992
5.096,1.919
5.289,2.019
5.068,1.942
5.275,2.049
5.049,1.971
5.016,1.995
5.001,2.025
7.541,2.143
7.559,2.114
7.586,2.089
7.609,2.064
7.627,2.04
7.636,2.017
8.103,2.146
7.65,1.995
8.115,2.124
7.659,1.976
8.135,2.105
7.663,1.956
8.128,2.083
7.668,1.939
8.145,2.068
7.668,1.922
8.142,2.051
8.68,2.194
7.637,1.903
8.134,2.035
8.685,2.181
7.627,1.889
8.134,2.022
8.665,2.165
7.637,1.88
8.122,2.012
8.651,2.153
7.638,1.873
8.117,2.003
8.647,2.145
7.637,1.867
8.1,1.995
8.623,2.136
7.635,1.863
8.092,1.991
8.594,2.129
7.616,1.858
8.061,1.985
8.587,2.128
7.598,1.856
8.046,1.984
8.558,2.125
7.58,1.856
8.019,1.982
8.535,2.127
7.55,1.856
8.001,1.985
8.498,2.128
7.52,1.858
7.971,1.989
8.47,2.133
7.49,1.863
7.944,1.996
8.44,2.139
7.454,1.867
7.908,2.001
8.403,2.147
7.405,1.873
7.877,2.011
8.369,2.157
7.373,1.881
7.845,2.022
8.319,2.166
7.347,1.894
7.805,2.034
8.291,2.182
7.343,1.914
7.771,2.05
8.246,2.198
7.322,1.93
7.738,2.066
7.283,1.946
7.701,2.084
7.26,1.966
7.657,2.102
7.215,1.984
7.616,2.122
7.176,2.005
7.571,2.143
7.141,2.027
7.107,2.051
7.074,2.078
7.036,2.103
6.995,2.131
5.197,2.06
5.201,2.027
5.211,1.996
5.39,2.064
5.227,1.968
5.404,2.034
5.413,2.002
5.435,1.975
5.643,2.053
5.456,1.948
5.663,2.024
5.467,1.917
5.667,1.987
5.9,2.071
5.5,1.894
5.698,1.962
5.913,2.036
7.097,1.701
9.46,1.884
9.343,1.913
5.504,1.962
5.715,2.044
5.429,1.953
5.63,2.033
5.356,1.945
5.546,2.019
5.28,1.934
5.471,2.009
5.398,2.0
5.325,1.988
5.26,1.98
5.466,2.065
5.187,1.966
5.389,2.05
5.306,2.031
5.238,2.02
5.167,2.003
5.101,1.989
5.236,2.063
5.026,1.99
5.092,2.025
5.031,2.011
7.086,1.705
6.964,1.695
6.836,1.681
6.719,1.67
5.126,2.031
5.129,2.013
5.136,1.997
5.144,1.983
5.141,1.967
5.347,2.055
5.14,1.952
5.353,2.041
5.147,1.942
5.353,2.029
5.149,1.931
5.354,2.017
5.143,1.919
5.346,2.005
5.14,1.909
5.345,1.996
5.134,1.9
5.346,1.989
5.128,1.893
5.335,1.981
5.124,1.888
5.323,1.974
5.544,2.066
5.114,1.881
5.321,1.97
5.538,2.062
5.105,1.877
5.307,1.965
5.526,2.059
5.101,1.877
5.295,1.963
5.514,2.057
5.087,1.874
5.283,1.96
5.5,2.055
5.082,1.875
5.271,1.961
5.491,2.056
5.065,1.874
5.263,1.963
5.472,2.056
5.05,1.876
5.248,1.965
5.462,2.06
5.045,1.88
5.239,1.97
5.45,2.066
5.03,1.884
5.219,1.974
5.012,1.889
5.21,1.982
5.191,1.988
5.176,1.996
5.158,2.005
5.138,2.016
5.118,2.025
5.483,2.047
5.505,2.018
5.536,1.994
5.782,2.085
5.555,1.966
5.811,2.059
5.584,1.942
5.843,2.035
5.616,1.92
5.867,2.01
5.634,1.895
5.891,1.983
6.177,2.084
5.657,1.871
5.909,1.958
6.198,2.058
5.653,1.841
5.93,1.935
6.226,2.034
5.665,1.818
5.954,1.912
6.24,2.008
6.552,2.112
5.721,1.805
5.968,1.889
6.262,1.987
6.569,2.086
5.735,1.782
5.982,1.869
6.274,1.963
6.586,2.064
5.741,1.762
5.971,1.842
6.287,1.942
6.603,2.044
5.742,1.739
5.99,1.823
6.301,1.922
6.615,2.023
6.964,2.132
5.75,1.72
6.038,1.812
6.314,1.903
6.625,2.003
6.982,2.113
5.762,1.702
6.024,1.789
6.32,1.883
6.636,1.984
6.988,2.092
5.772,1.686
6.03,1.772
6.308,1.862
6.637,1.964
6.995,2.075
5.786,1.673
6.038,1.756
6.295,1.842
6.639,1.947
6.995,2.057
5.774,1.655
6.037,1.74
6.32,1.832
6.645,1.933
6.997,2.042
5.776,1.641
6.042,1.728
6.316,1.817
6.647,1.92
6.999,2.028
6.039,1.715
6.325,1.807
6.636,1.906
6.985,2.013
7.383,2.132
6.04,1.705
6.321,1.796
6.629,1.894
6.991,2.003
7.382,2.123
6.044,1.696
6.319,1.786
6.626,1.885
6.977,1.993
7.372,2.111
6.041,1.688
6.304,1.776
6.602,1.873
6.971,1.986
7.361,2.104
6.032,1.681
6.301,1.771
6.573,1.862
6.957,1.978
7.34,2.095
6.029,1.676
6.288,1.764
6.553,1.855
6.94,1.972
7.333,2.093
6.013,1.67
6.274,1.76
6.548,1.854
6.928,1.969
7.31,2.088
6.004,1.668
6.273,1.761
6.539,1.852
6.912,1.968
7.295,2.087
5.987,1.666
6.257,1.757
6.527,1.852
6.903,1.97
7.275,2.086
5.978,1.666
6.244,1.76
6.502,1.852
6.887,1.971
7.252,2.09
5.97,1.67
6.22,1.759
6.489,1.855
6.855,1.971
7.232,2.093
5.954,1.672
6.21,1.765
6.464,1.858
6.833,1.976
7.2,2.097
5.929,1.675
6.193,1.769
6.472,1.869
6.811,1.982
7.185,2.106
5.912,1.681
6.171,1.775
6.457,1.877
6.796,1.992
7.151,2.112
5.854,1.681
6.148,1.783
6.439,1.887
6.764,2.0
7.123,2.122
5.866,1.695
6.125,1.792
6.413,1.896
6.743,2.011
5.844,1.704
6.118,1.805
6.392,1.907
6.721,2.025
5.827,1.716
6.091,1.817
6.371,1.922
6.687,2.036
5.565,1.636
5.796,1.728
6.052,1.827
6.346,1.935
6.658,2.052
5.554,1.651
5.782,1.743
6.012,1.837
6.325,1.952
6.623,2.066
5.541,1.667
5.772,1.76
6.006,1.858
6.29,1.968
6.605,2.087
5.512,1.68
5.755,1.778
5.997,1.879
6.271,1.987
6.572,2.104
5.49,1.698
5.727,1.795
5.968,1.896
6.243,2.005
6.533,2.122
5.475,1.715
5.695,1.811
5.938,1.914
6.212,2.026
5.462,1.737
5.644,1.824
5.913,1.934
6.19,2.049
5.439,1.756
5.636,1.849
5.89,1.957
6.153,2.07
5.42,1.779
5.612,1.871
5.851,1.976
6.122,2.092
5.396,1.799
5.589,1.893
5.832,2.002
5.328,1.81
5.563,1.917
5.802,2.024
5.33,1.841
5.544,1.943
5.774,2.049
5.312,1.867
5.516,1.967
5.75,2.076
5.285,1.891
5.493,1.992
5.259,1.916
5.466,2.02
5.229,1.94
5.447,2.048
5.21,1.969
5.18,1.995
5.158,2.024
7.924,2.157
7.949,2.132
7.956,2.105
7.978,2.084
7.994,2.063
7.983,2.038
8.504,2.178
8.003,2.021
8.514,2.159
8.01,2.005
8.523,2.141
8.011,1.988
8.519,2.124
8.008,1.975
8.506,2.108
7.991,1.96
8.497,2.095
7.986,1.949
8.496,2.085
7.986,1.941
8.465,2.073
9.052,2.229
7.973,1.935
8.453,2.066
9.036,2.221
7.946,1.926
8.444,2.062
9.031,2.22
7.922,1.921
8.418,2.058
8.996,2.215
7.898,1.919
8.398,2.058
8.967,2.213
7.874,1.918
8.386,2.061
8.944,2.215
7.854,1.921
8.355,2.062
8.89,2.213
7.832,1.925
8.325,2.067
8.873,2.221
7.813,1.933
8.286,2.071
7.785,1.94
8.237,2.077
7.767,1.952
8.216,2.089
7.719,1.96
8.178,2.102
7.683,1.972
8.137,2.114
7.644,1.986
8.101,2.131
7.615,2.004
8.065,2.148
7.587,2.023
7.539,2.04
7.496,2.06
7.465,2.084
7.428,2.107
7.386,2.132
6.043,2.097
6.058,2.061
6.067,2.024
6.072,1.984
6.321,2.069
6.098,1.954
6.346,2.036
6.634,2.132
6.124,1.923
6.358,1.998
6.651,2.094
6.15,1.891
6.388,1.965
6.704,2.069
6.189,1.865
6.415,1.932
6.682,2.015
7.001,2.116
6.178,1.818
6.439,1.897
6.725,1.985
7.068,2.093
6.207,1.788
6.48,1.87
6.757,1.951
7.044,2.037
6.225,1.753
6.505,1.835
6.789,1.917
7.101,2.009
7.449,2.111
6.257,1.723
6.532,1.801
6.826,1.884
7.129,1.97
7.508,2.08
6.29,1.693
6.532,1.757
6.876,1.855
7.185,1.942
7.525,2.036
7.939,2.154
6.314,1.659
6.579,1.73
6.911,1.821
7.235,1.91
7.585,2.004
7.989,2.117
6.611,1.698
6.914,1.777
7.293,1.879
7.658,1.977
7.986,2.062
6.946,1.743
7.326,1.842
7.699,1.94
8.08,2.037
6.99,1.71
7.341,1.798
7.761,1.907
8.159,2.007
7.398,1.768
7.794,1.866
8.221,1.972
7.457,1.737
7.861,1.834
8.302,1.941
7.499,1.701
7.923,1.801
8.362,1.903
8.422,1.866
5.088,2.011
5.295,2.063
5.297,2.028
5.309,2.001
5.332,1.978
5.347,1.95
9.253,1.867
9.935,2.024
9.105,1.879
9.737,2.031
8.95,1.892
9.566,2.041
8.776,1.896
9.38,2.047
9.995,2.202
8.144,1.782
8.63,1.904
9.217,2.054
9.817,2.208
8.004,1.787
8.49,1.912
9.044,2.057
9.585,2.198
7.873,1.793
8.358,1.922
8.87,2.057
9.414,2.202
7.741,1.798
8.204,1.922
8.699,2.055
9.222,2.198
7.618,1.801
8.065,1.925
8.522,2.05
9.042,2.193
7.489,1.802
7.924,1.923
8.355,2.044
8.861,2.187
7.0,1.701
7.373,1.805
7.785,1.922
8.194,2.038
8.69,2.181
6.882,1.7
7.264,1.809
7.641,1.917
8.04,2.033
8.519,2.172
6.78,1.701
7.092,1.793
7.504,1.913
7.895,2.028
8.358,2.164
6.671,1.701
6.988,1.794
7.369,1.908
7.764,2.025
8.193,2.154
6.571,1.701
6.884,1.793
7.253,1.905
7.618,2.015
8.037,2.144
6.471,1.7
6.773,1.79
7.131,1.901
7.477,2.006
7.891,2.134
6.372,1.698
6.66,1.785
7.011,1.895
7.348,1.998
7.747,2.124
6.262,1.69
6.542,1.776
6.9,1.889
7.22,1.99
7.602,2.11
6.182,1.692
6.438,1.77
6.787,1.882
7.082,1.976
7.465,2.099
6.091,1.687
6.339,1.765
6.671,1.872
6.968,1.969
7.327,2.085
5.987,1.678
6.243,1.76
6.556,1.861
6.848,1.957
7.2,2.073
5.89,1.669
6.145,1.752
6.437,1.848
6.731,1.945
7.028,2.043
6.042,1.74
6.32,1.833
6.626,1.935
6.903,2.028
5.962,1.738
6.205,1.818
6.51,1.921
6.8,2.019
5.876,1.73
6.12,1.813
6.419,1.915
6.684,2.004
6.027,1.802
6.306,1.899
6.577,1.992
5.935,1.791
6.211,1.888
6.47,1.977
5.843,1.779
6.119,1.876
6.368,1.963
5.749,1.765
6.036,1.867
6.265,1.948
5.934,1.85
6.172,1.934
5.826,1.829
6.077,1.919
5.732,1.812
5.987,1.905
5.888,1.885
5.792,1.866
5.716,1.855
5.639,1.841
9.381,2.212
9.336,2.139
9.376,2.087
9.998,2.234
9.34,2.017
9.94,2.154
9.368,1.962
9.97,2.093
9.342,1.894
9.978,2.029
9.999,1.967
14.339,2.11
14.255,2.187
12.695,2.0
14.121,2.255
12.563,2.057
13.805,2.29
12.46,2.119
13.666,2.352
11.285,1.965
12.307,2.168
13.476,2.402
11.161,2.01
12.119,2.209
11.075,2.065
11.827,2.225
10.104,1.922
10.918,2.101
11.797,2.295
10.741,2.131
11.626,2.331
10.581,2.161
10.398,2.185
10.33,2.234
10.18,2.261
10.034,2.287
10.655,1.905
10.427,1.914
10.211,1.922
10.555,2.239
10.522,2.161
10.625,2.114
11.479,2.293
10.676,2.055
11.411,2.202
10.689,1.986
11.593,2.163
12.591,2.357
10.74,1.928
11.647,2.096
12.595,2.272
11.724,2.034
12.718,2.212
11.77,1.966
12.879,2.157
13.006,2.095
13.036,2.016
14.407,2.109
14.366,2.198
12.898,2.032
14.307,2.285
12.922,2.121
14.12,2.346
11.662,1.964
12.816,2.185
11.646,2.037
12.626,2.234
10.683,1.915
11.575,2.101
12.603,2.314
10.623,1.973
11.473,2.156
10.598,2.038
11.295,2.192
10.483,2.082
11.296,2.266
10.392,2.131
11.185,2.316
10.238,2.163
10.208,2.222
10.112,2.266
12.368,2.318
12.186,2.204
13.359,2.427
12.118,2.117
13.118,2.298
10.774,2.332
10.378,2.246
10.275,2.153
10.337,2.1
11.151,2.275
10.334,2.031
11.041,2.176
10.294,1.954
11.121,2.119
12.081,2.311
11.139,2.049
11.978,2.208
13.261,2.142
14.509,2.35
12.987,2.018
14.279,2.224
14.065,2.107
10.915,2.299
10.791,2.2
10.793,2.131
11.651,2.31
10.736,2.05
11.476,2.196
10.647,1.962
11.501,2.128
12.561,2.334
10.211,2.295
10.223,2.229
10.196,2.154
10.324,2.116
11.106,2.284
10.357,2.055
11.107,2.21
10.42,2.0
11.195,2.154
12.18,2.354
10.419,1.932
11.258,2.094
12.248,2.287
14.069,2.144
12.635,1.981
13.918,2.21
12.577,2.054
13.715,2.267
12.501,2.122
13.728,2.361
11.363,1.979
12.413,2.189
13.608,2.428
11.346,2.048
12.18,2.223
10.387,1.921
11.206,2.094
12.181,2.303
10.32,1.972
11.106,2.147
12.086,2.362
10.252,2.025
10.933,2.18
10.186,2.078
10.9,2.245
10.076,2.118
10.803,2.294
11.864,2.082
12.782,2.248
11.674,1.974
12.72,2.157
14.084,2.399
12.634,2.062
13.787,2.257
13.754,2.163
13.563,2.045
14.975,2.168
13.217,2.043
13.006,2.084
12.734,2.112
11.44,1.936
12.442,2.131
11.242,1.964
12.244,2.164
11.027,1.985
11.976,2.182
10.884,2.019
11.683,2.189
10.679,2.037
11.381,2.191
10.455,2.048
11.204,2.216
10.254,2.061
11.007,2.235
10.077,2.077
10.784,2.246
10.558,2.25
10.356,2.258
10.137,2.26
10.933,2.023
11.76,2.18
10.867,1.937
11.8,2.11
12.92,2.32
11.872,2.046
12.851,2.22
11.842,1.963
12.946,2.151
14.285,2.382
13.032,2.079
14.192,2.269
14.339,2.199
14.522,2.133
13.609,2.064
14.992,2.302
13.485,2.129
14.819,2.369
13.224,2.168
14.652,2.433
11.922,2.002
13.008,2.211
11.818,2.055
12.729,2.237
10.714,1.904
11.598,2.086
12.67,2.306
10.566,1.942
11.473,2.132
12.487,2.348
10.457,1.984
11.286,2.164
10.325,2.019
11.006,2.172
10.166,2.046
10.93,2.222
10.007,2.072
10.749,2.247
10.487,1.964
11.333,2.131
12.328,2.329
11.296,2.049
12.154,2.212
11.204,1.96
12.209,2.142
13.391,2.36
12.216,2.063
13.191,2.233
13.231,2.153
14.736,2.409
13.237,2.068
14.566,2.281
14.621,2.192
10.245,1.92
11.037,2.073
11.965,2.255
11.153,2.023
12.009,2.184
11.173,1.956
12.157,2.133
12.287,2.077
12.354,2.011
14.594,2.303
14.363,2.184
11.949,2.277
13.066,2.005
12.82,2.039
12.619,2.075
12.325,2.093
12.042,2.109
10.898,1.945
11.786,2.126
10.693,1.963
11.585,2.152
10.523,1.986
11.321,2.159
10.353,2.007
11.049,2.163
10.151,2.019
10.78,2.162
10.57,2.173
10.414,2.193
10.208,2.199
10.737,2.265
10.664,2.176
10.717,2.116
11.611,2.302
16.541,2.258
16.186,2.311
15.879,2.367
15.864,2.466
15.635,2.53
19.154,2.4
17.15,2.21
19.475,2.549
18.291,2.316
18.358,2.441
16.57,2.278
18.797,2.624
15.735,2.508
15.108,2.321
18.713,2.326
18.537,2.424
16.299,2.207
18.209,2.498
16.221,2.302
18.413,2.654
15.991,2.373
16.094,2.498
16.669,2.31
15.215,2.174
16.925,2.454
15.428,2.304
15.747,2.454
16.406,2.247
18.215,2.498
17.798,2.353
19.421,2.473
18.686,2.282
18.027,2.239
18.126,2.371
15.995,2.164
17.991,2.471
16.061,2.513
15.534,2.331
15.454,2.226
17.354,2.507
16.927,2.337
19.373,2.684
16.545,2.18
18.765,2.477
18.669,2.348
19.889,2.672
18.734,2.434
15.894,2.142
17.788,2.432
15.869,2.243
17.896,2.567
15.692,2.32
15.574,2.404
15.555,2.506
15.225,2.401
15.013,2.269
16.974,2.577
16.521,2.394
16.548,2.291
18.957,2.632
16.356,2.155
18.495,2.443
18.511,2.325
18.659,2.24
19.499,2.445
19.959,2.444
17.57,2.223
15.615,2.207
15.278,2.253
16.238,2.441
16.182,2.323
16.359,2.24
17.859,2.235
18.425,2.417
16.788,2.268
19.055,2.614
17.017,2.399
17.612,2.593
18.663,2.489
18.072,2.332
19.651,2.45
18.599,2.234
19.981,2.438
17.44,2.206
19.903,2.558
15.149,2.481
15.938,2.432
15.517,2.277
17.618,2.595
15.146,2.134
16.955,2.396
16.729,2.267
18.662,2.531
18.402,2.386
17.849,2.207
19.944,2.35
23.536,2.646
20.632,2.393
24.597,2.905
21.312,2.592
22.445,2.862
20.095,2.395
22.889,2.73
22.341,2.571
24.835,2.752
23.061,2.45
23.651,2.634
20.229,2.341
23.467,2.76
20.709,2.528
21.144,2.721
20.034,2.474
21.174,2.73
20.465,2.713
21.419,2.62
20.846,2.441
24.074,2.82
23.532,2.633
20.777,2.487
20.542,2.592
21.032,2.647
20.991,2.509
24.257,2.532
21.881,2.854
22.321,2.423
23.492,2.671
20.977,2.454
24.98,2.975
21.573,2.634
20.31,2.657
23.189,2.637
23.942,2.554
21.923,2.457
22.463,2.656
23.359,2.911
20.058,2.58
23.483,2.467
22.05,2.475
23.211,2.716
20.431,2.6
20.294,2.62
22.934,2.869
21.483,2.586
20.475,2.369
23.812,2.76
22.942,2.552
22.262,2.47
22.782,2.677
23.311,2.895
21.242,2.762
20.467,2.535
23.064,2.721
22.686,2.537
26.038,2.99
25.879,2.672
26.815,2.916
26.546,3.062
27.752,2.953
26.204,2.669
29.611,2.88
28.163,3.156
26.573,2.83
28.481,2.907
26.127,2.846
29.084,3.045
26.75,2.744
27.209,2.668
29.367,2.951
29.927,3.063
25.904,2.733
26.462,2.924
27.975,3.19
25.749,2.841
28.514,3.045
27.26,2.813
25.537,2.757
26.314,3.004
27.533,2.828
28.282,3.028
25.014,2.743
26.643,3.049
26.668,2.968
25.964,2.767
29.672,3.019
30.442,3.036
32.003,3.369
31.71,3.232
32.908,3.279
30.229,3.219
31.825,3.265
30.46,3.062
34.241,3.364
30.463,2.916
33.238,3.276
30.062,3.133
32.781,3.086
31.265,3.111
34.424,3.206
31.27,3.129
32.313,3.216
32.535,3.062
31.417,3.353
35.947,3.341
38.306,3.855
39.068,3.745
39.152,3.787
36.705,3.762
36.277,3.602
39.375,3.92
37.136,3.622
38.986,3.879
